time,temperature_2m,shortwave_radiation,direct_radiation,diffuse_radiation,direct_normal_irradiance,global_tilted_irradiance,sunshine_duration,cloud_cover
2026-01-01 00:00:00,-3.7,0,0,0,0,0,0,100
2026-01-01 01:00:00,-4.1,0,0,0,0,0,0,100
2026-01-01 02:00:00,-4.4,0,0,0,0,0,0,100
2026-01-01 03:00:00,-4.5,0,0,0,0,0,0,100
2026-01-01 04:00:00,-4.5,0,0,0,0,0,0,100
2026-01-01 05:00:00,-4.6,0,0,0,0,0,0,100
2026-01-01 06:00:00,-4.8,0,0,0,0,0,0,100
2026-01-01 07:00:00,-5,18,0,18,0,18,0,100
2026-01-01 08:00:00,-5.3,119,23,96,116.5,119,0,100
2026-01-01 09:00:00,-4.7,278,141,137,418.6,278,1695.54,100
2026-01-01 10:00:00,-3.4,423,303,120,692.6,423,3600,78
2026-01-01 11:00:00,-1.9,500,386,114,784,500,3600,5
2026-01-01 12:00:00,-0.6,506,396.00000000000006,110,795.5,506,3600,6
2026-01-01 13:00:00,0.3,449,346,103,763.1,449,3600,0
2026-01-01 14:00:00,1.3,336,247,89,681.9,336,3600,0
2026-01-01 15:00:00,1.2,184,117.00000000000001,67,507.69999999999993,184,3600,0
2026-01-01 16:00:00,0.6,38,15,23,132.3,38,3600,0
2026-01-01 17:00:00,-0.1,0,0,0,0,0,1026.12,0
2026-01-01 18:00:00,-1.3,0,0,0,0,0,0,65
2026-01-01 19:00:00,-1.8,0,0,0,0,0,0,86
2026-01-01 20:00:00,-2.6,0,0,0,0,0,0,80
2026-01-01 21:00:00,-2.8,0,0,0,0,0,0,71
2026-01-01 22:00:00,-3.2,0,0,0,0,0,0,44
2026-01-01 23:00:00,-3.8,0,0,0,0,0,0,35
2026-01-02 00:00:00,-4.3,0,0,0,0,0,0,8
2026-01-02 01:00:00,-4.9,0,0,0,0,0,0,0
2026-01-02 02:00:00,-5.6,0,0,0,0,0,0,0
2026-01-02 03:00:00,-5.9,0,0,0,0,0,0,10
2026-01-02 04:00:00,-6.1,0,0,0,0,0,0,0
2026-01-02 05:00:00,-6.4,0,0,0,0,0,0,0
2026-01-02 06:00:00,-6.7,0,0,0,0,0,0,0
2026-01-02 07:00:00,-6.9,23,6,17,63.3,23,0,0
2026-01-02 08:00:00,-6.6,151,83,68,420.7,151,25.09,0
2026-01-02 09:00:00,-5.5,304,207,97,614,304,3600,0
2026-01-02 10:00:00,-3.5,425.00000000000006,314,111,716.7,425.00000000000006,3600,0
2026-01-02 11:00:00,-1.9,494.99999999999994,378,117.00000000000001,766.1,494.99999999999994,3600,0
2026-01-02 12:00:00,-0.8,501.99999999999994,385.99999999999994,116,773.2,501.99999999999994,3600,0
2026-01-02 13:00:00,0.1,447,337,110,740.4,447,3600,0
2026-01-02 14:00:00,1.4,339,244,95,669.9,339,3600,0
2026-01-02 15:00:00,1.6,187,116.00000000000001,71,498.6,187,3600,0
2026-01-02 16:00:00,1.2,40,15,25,131,40,3600,0
2026-01-02 17:00:00,0.2,0,0,0,0,0,1034.93,0
2026-01-02 18:00:00,-0.8,0,0,0,0,0,0,0
2026-01-02 19:00:00,-2.1,0,0,0,0,0,0,0
2026-01-02 20:00:00,-3,0,0,0,0,0,0,0
2026-01-02 21:00:00,-3.4,0,0,0,0,0,0,0
2026-01-02 22:00:00,-3.8,0,0,0,0,0,0,0
2026-01-02 23:00:00,-3.9,0,0,0,0,0,0,0
2026-01-03 00:00:00,-4.1,0,0,0,0,0,0,0
2026-01-03 01:00:00,-4.2,0,0,0,0,0,0,0
2026-01-03 02:00:00,-4.2,0,0,0,0,0,0,0
2026-01-03 03:00:00,-4.3,0,0,0,0,0,0,0
2026-01-03 04:00:00,-4.5,0,0,0,0,0,0,0
2026-01-03 05:00:00,-4.6,0,0,0,0,0,0,0
2026-01-03 06:00:00,-4.8,0,0,0,0,0,0,0
2026-01-03 07:00:00,-5.2,22,6,16,63.3,22,0,0
2026-01-03 08:00:00,-5.2,148,80,68,405.4,148,25.33,0
2026-01-03 09:00:00,-4,299,201,98,595.6,299,3600,0
2026-01-03 10:00:00,-1,418,305,113,695,418,3600,0
2026-01-03 11:00:00,1.8,489,371,118,750.1999999999999,489,3600,0
2026-01-03 12:00:00,4,498,383,115,764.8999999999999,498,3600,0
2026-01-03 13:00:00,5.3,443,336,107,735.2,443,3600,0
2026-01-03 14:00:00,7,336,243,93,663.3,336,3600,0
2026-01-03 15:00:00,7,186,116,70,493.7,186,3600,0
2026-01-03 16:00:00,6.3,40,15,25,129.6,40,3600,0
2026-01-03 17:00:00,4.2,0,0,0,0,0,1043.33,0
2026-01-03 18:00:00,2.2,0,0,0,0,0,0,0
2026-01-03 19:00:00,0.8,0,0,0,0,0,0,0
2026-01-03 20:00:00,-0.1,0,0,0,0,0,0,0
2026-01-03 21:00:00,-1.1,0,0,0,0,0,0,10
2026-01-03 22:00:00,-1.9,0,0,0,0,0,0,22
2026-01-03 23:00:00,-3.2,0,0,0,0,0,0,75
2026-01-04 00:00:00,-4.4,0,0,0,0,0,0,43
2026-01-04 01:00:00,-4.9,0,0,0,0,0,0,85
2026-01-04 02:00:00,-5.2,0,0,0,0,0,0,92
2026-01-04 03:00:00,-5.3,0,0,0,0,0,0,100
2026-01-04 04:00:00,-5.3,0,0,0,0,0,0,100
2026-01-04 05:00:00,-4.8,0,0,0,0,0,0,90
2026-01-04 06:00:00,-4.1,0,0,0,0,0,0,87
2026-01-04 07:00:00,-3.7,14,0,14,0,14,0,99
2026-01-04 08:00:00,-3.2,82,3,79,15.2,82,0,100
2026-01-04 09:00:00,-2.5,179,23,156,68.1,179,0,100
2026-01-04 10:00:00,-0.7,250,33,217.00000000000003,75,250,241.59,100
2026-01-04 11:00:00,1,280,42.00000000000001,238,84.7,280,451.34,100
2026-01-04 12:00:00,2.5,261,31,230,61.7,261,741.28,100
2026-01-04 13:00:00,3.4,160,2,158,4.4,160,51.19,100
2026-01-04 14:00:00,4.6,147,4,143,10.9,147,0,100
2026-01-04 15:00:00,4.6,85,1,84,4.2,85,0,100
2026-01-04 16:00:00,4,25,1,24,8.5,25,0,100
2026-01-04 17:00:00,2.7,0,0,0,0,0,0,96
2026-01-04 18:00:00,1.5,0,0,0,0,0,0,98
2026-01-04 19:00:00,0.7,0,0,0,0,0,0,92
2026-01-04 20:00:00,0.2,0,0,0,0,0,0,93
2026-01-04 21:00:00,-0.2,0,0,0,0,0,0,78
2026-01-04 22:00:00,-0.7,0,0,0,0,0,0,84
2026-01-04 23:00:00,-1,0,0,0,0,0,0,93
2026-01-05 00:00:00,-1.4,0,0,0,0,0,0,91
2026-01-05 01:00:00,-1.6,0,0,0,0,0,0,91
2026-01-05 02:00:00,-1.3,0,0,0,0,0,0,75
2026-01-05 03:00:00,-1.3,0,0,0,0,0,0,77
2026-01-05 04:00:00,-1.5,0,0,0,0,0,0,79
2026-01-05 05:00:00,-1.7,0,0,0,0,0,0,38
2026-01-05 06:00:00,-2,0,0,0,0,0,0,11
2026-01-05 07:00:00,-2.3,22,6,16,63.3,22,0,11
2026-01-05 08:00:00,-2.6,149,83,66,419.9,149,25.2,0
2026-01-05 09:00:00,-1.7,302,207,95,611.4,302,3600,0
2026-01-05 10:00:00,0.3,425,316,109,717,425,3600,0
2026-01-05 11:00:00,2.3,494.99999999999994,379,116,762.3000000000001,494.99999999999994,3600,0
2026-01-05 12:00:00,3.7,493,355,138,704.2,493,3600,28
2026-01-05 13:00:00,4.4,436,299,137,648.5,436,3600,29
2026-01-05 14:00:00,5.2,337,236,101,636.2,337,3600,22
2026-01-05 15:00:00,5.1,190,119,71,496.1,190,3600,3
2026-01-05 16:00:00,4.6,43,17,26,143.7,43,3600,0
2026-01-05 17:00:00,3.4,0,0,0,0,0,1326.63,0
2026-01-05 18:00:00,1.9,0,0,0,0,0,0,1
2026-01-05 19:00:00,0.7,0,0,0,0,0,0,40
2026-01-05 20:00:00,-0.7,0,0,0,0,0,0,33
2026-01-05 21:00:00,-1.2,0,0,0,0,0,0,91
2026-01-05 22:00:00,-1.5,0,0,0,0,0,0,99
2026-01-05 23:00:00,-1.6,0,0,0,0,0,0,100
2026-01-06 00:00:00,-1.8,0,0,0,0,0,0,83
2026-01-06 01:00:00,-2,0,0,0,0,0,0,0
2026-01-06 02:00:00,-2.6,0,0,0,0,0,0,6
2026-01-06 03:00:00,-2.8,0,0,0,0,0,0,30
2026-01-06 04:00:00,-2.9,0,0,0,0,0,0,100
2026-01-06 05:00:00,-2.8,0,0,0,0,0,0,100
2026-01-06 06:00:00,-2.6,0,0,0,0,0,0,100
2026-01-06 07:00:00,-2.3,14,0,14,0,14,0,100
2026-01-06 08:00:00,-1.8,92,6,86,30.3,92,0,100
2026-01-06 09:00:00,-0.8,184,26,158,76.6,184,0,100
2026-01-06 10:00:00,1.2,288,71,217,160.7,288,498.98,100
2026-01-06 11:00:00,3.3,415,209,206,419.1,415,3020.73,97
2026-01-06 12:00:00,5.4,466.99999999999994,313,154,618.5,466.99999999999994,3600,68
2026-01-06 13:00:00,6.5,439,327,112,705.8,439,3600,32
2026-01-06 14:00:00,6.8,341,253,88,677.5,341,3600,0
2026-01-06 15:00:00,6.8,192,125,67,515.5,192,3600,0
2026-01-06 16:00:00,6.4,45,19,25.999999999999996,158.8,45,3600,0
2026-01-06 17:00:00,4.9,0,0,0,0,0,1610.44,0
2026-01-06 18:00:00,3.5,0,0,0,0,0,0,0
2026-01-06 19:00:00,2.1,0,0,0,0,0,0,0
2026-01-06 20:00:00,1.5,0,0,0,0,0,0,0
2026-01-06 21:00:00,0.9,0,0,0,0,0,0,0
2026-01-06 22:00:00,0.4,0,0,0,0,0,0,0
2026-01-06 23:00:00,-0.1,0,0,0,0,0,0,0
2026-01-07 00:00:00,-0.4,0,0,0,0,0,0,0
2026-01-07 01:00:00,-0.6,0,0,0,0,0,0,0
2026-01-07 02:00:00,-0.5,0,0,0,0,0,0,0
2026-01-07 03:00:00,-0.9,0,0,0,0,0,0,0
2026-01-07 04:00:00,-1.4,0,0,0,0,0,0,0
2026-01-07 05:00:00,-2,0,0,0,0,0,0,10
2026-01-07 06:00:00,-2.7,0,0,0,0,0,0,6
2026-01-07 07:00:00,-2.9,23,7,16,73.7,23,0,0
2026-01-07 08:00:00,-2.8,152,87,65,438.4,152,104.59,0
2026-01-07 09:00:00,-1.7,306,214,92,629.1999999999999,306,3600,0
2026-01-07 10:00:00,0.2,427.99999999999994,323,105.00000000000001,729,427.99999999999994,3600,0
2026-01-07 11:00:00,1.9,497.99999999999994,387.00000000000006,110.99999999999999,773.5,497.99999999999994,3600,0
2026-01-07 12:00:00,3.3,505,388,117.00000000000001,763.7,505,3600,6
2026-01-07 13:00:00,4.2,446,317,129,680.8,446,3600,23
2026-01-07 14:00:00,4.9,339,230,109,611.8,339,3600,22
2026-01-07 15:00:00,4.8,195,119,76,485.3,195,3600,33
2026-01-07 16:00:00,4.2,47,19,28,156.9,47,3600,25
2026-01-07 17:00:00,2.8,0,0,0,0,0,1625.6,0
2026-01-07 18:00:00,1,0,0,0,0,0,0,0
2026-01-07 19:00:00,0.1,0,0,0,0,0,0,0
2026-01-07 20:00:00,-1.1,0,0,0,0,0,0,0
2026-01-07 21:00:00,-1.3,0,0,0,0,0,0,0
2026-01-07 22:00:00,-1.7,0,0,0,0,0,0,6
2026-01-07 23:00:00,-2.1,0,0,0,0,0,0,42
2026-01-08 00:00:00,-2.7,0,0,0,0,0,0,32
2026-01-08 01:00:00,-3.7,0,0,0,0,0,0,18
2026-01-08 02:00:00,-4.4,0,0,0,0,0,0,31
2026-01-08 03:00:00,-4.6,0,0,0,0,0,0,0
2026-01-08 04:00:00,-4.8,0,0,0,0,0,0,0
2026-01-08 05:00:00,-4.9,0,0,0,0,0,0,0
2026-01-08 06:00:00,-5.1,0,0,0,0,0,0,0
2026-01-08 07:00:00,-5.4,23,7,16,73.6,23,0,0
2026-01-08 08:00:00,-5.6,157,91,66,457.3,157,104.15,0
2026-01-08 09:00:00,-4.1,315,221,94,648,315,3600,0
2026-01-08 10:00:00,-0.4,441,333,108,749.3,441,3600,0
2026-01-08 11:00:00,2.2,514,403,111,802.7,514,3600,0
2026-01-08 12:00:00,3.9,525,416,109,815.5,525,3600,0
2026-01-08 13:00:00,5.1,471,369,102,788.4,471,3600,0
2026-01-08 14:00:00,5.9,362,273,89,721,362,3600,0
2026-01-08 15:00:00,6,207,138,69,556.4,207,3600,0
2026-01-08 16:00:00,5.6,50,22,27.999999999999996,179.5,50,3600,0
2026-01-08 17:00:00,3.5,0,0,0,0,0,2062.41,0
2026-01-08 18:00:00,1.8,0,0,0,0,0,0,0
2026-01-08 19:00:00,1,0,0,0,0,0,0,0
2026-01-08 20:00:00,0.6,0,0,0,0,0,0,0
2026-01-08 21:00:00,0.4,0,0,0,0,0,0,0
2026-01-08 22:00:00,0.1,0,0,0,0,0,0,0
2026-01-08 23:00:00,-0.1,0,0,0,0,0,0,0
2026-01-09 00:00:00,-0.5,0,0,0,0,0,0,0
2026-01-09 01:00:00,-0.8,0,0,0,0,0,0,0
2026-01-09 02:00:00,-0.5,0,0,0,0,0,0,0
2026-01-09 03:00:00,-0.6,0,0,0,0,0,0,0
2026-01-09 04:00:00,-0.7,0,0,0,0,0,0,0
2026-01-09 05:00:00,-0.9,0,0,0,0,0,0,0
2026-01-09 06:00:00,-0.9,0,0,0,0,0,0,10
2026-01-09 07:00:00,-0.9,21,5,16,52.4,21,0,31
2026-01-09 08:00:00,-0.4,146,73,73,365.6,146,0,46
2026-01-09 09:00:00,1.1,297,190,107,555.4,297,3600,41
2026-01-09 10:00:00,3.7,427,315,112,706.5,427,3600,56
2026-01-09 11:00:00,6.6,503,394,109,781.8,503,3600,0
2026-01-09 12:00:00,9,518,412.00000000000006,106,804.1,518,3600,0
2026-01-09 13:00:00,10.4,469,371,98,788.4,469,3600,0
2026-01-09 14:00:00,12,361,276,85,723.7,361,3600,0
2026-01-09 15:00:00,12.1,208.00000000000003,141,67,562,208.00000000000003,3600,0
2026-01-09 16:00:00,11.2,52,23.000000000000004,29,185.4,52,3600,0
2026-01-09 17:00:00,9.8,0,0,0,0,0,2129.86,0
2026-01-09 18:00:00,8.1,0,0,0,0,0,0,0
2026-01-09 19:00:00,7,0,0,0,0,0,0,0
2026-01-09 20:00:00,6.3,0,0,0,0,0,0,38
2026-01-09 21:00:00,7.1,0,0,0,0,0,0,72
2026-01-09 22:00:00,7.7,0,0,0,0,0,0,8
2026-01-09 23:00:00,6,0,0,0,0,0,0,10
2026-01-10 00:00:00,5.4,0,0,0,0,0,0,0
2026-01-10 01:00:00,4.6,0,0,0,0,0,0,0
2026-01-10 02:00:00,4.5,0,0,0,0,0,0,0
2026-01-10 03:00:00,3.6,0,0,0,0,0,0,0
2026-01-10 04:00:00,2.8,0,0,0,0,0,0,0
2026-01-10 05:00:00,1.7,0,0,0,0,0,0,0
2026-01-10 06:00:00,1,0,0,0,0,0,0,10
2026-01-10 07:00:00,0.4,25,9,16,94.1,25,0,0
2026-01-10 08:00:00,0.6,167,106,61,528.9,167,266.59,0
2026-01-10 09:00:00,1,333,248.99999999999997,84,725.5,333,3600,0
2026-01-10 10:00:00,1.7,461,366,95.00000000000001,818,461,3600,0
2026-01-10 11:00:00,2.3,534,434,99.99999999999999,857.9,534,3600,0
2026-01-10 12:00:00,2.7,544,444.00000000000006,100,862.7000000000002,544,3600,0
2026-01-10 13:00:00,2.8,489.99999999999994,394,96,832.6,489.99999999999994,3600,0
2026-01-10 14:00:00,3.1,375,289,86,752.2,375,3600,0
2026-01-10 15:00:00,2.8,219,151,68,594.8,219,3600,0
2026-01-10 16:00:00,2.3,57,27,30,215,57,3600,0
2026-01-10 17:00:00,1.4,0,0,0,0,0,2190.23,0
2026-01-10 18:00:00,0.5,0,0,0,0,0,0,15
2026-01-10 19:00:00,-0.5,0,0,0,0,0,0,19
2026-01-10 20:00:00,-1.4,0,0,0,0,0,0,12
2026-01-10 21:00:00,-2,0,0,0,0,0,0,11
2026-01-10 22:00:00,-2.5,0,0,0,0,0,0,0
2026-01-10 23:00:00,-2.8,0,0,0,0,0,0,0
2026-01-11 00:00:00,-3,0,0,0,0,0,0,0
2026-01-11 01:00:00,-3.6,0,0,0,0,0,0,0
2026-01-11 02:00:00,-4.1,0,0,0,0,0,0,0
2026-01-11 03:00:00,-4.4,0,0,0,0,0,0,0
2026-01-11 04:00:00,-4.7,0,0,0,0,0,0,0
2026-01-11 05:00:00,-5,0,0,0,0,0,0,0
2026-01-11 06:00:00,-5.3,0,0,0,0,0,0,0
2026-01-11 07:00:00,-5.7,25,9,16,93.7,25,0,0
2026-01-11 08:00:00,-5.7,167,104,63,516.7,167,267.31,0
2026-01-11 09:00:00,-5,330,242,88,702.5,330,3600,0
2026-01-11 10:00:00,-3.9,456,354.99999999999994,101,790.5,456,3600,0
2026-01-11 11:00:00,-2.8,526,419,106.99999999999999,824.9000000000001,526,3600,0
2026-01-11 12:00:00,-2,536,427,109,825.8,536,3600,0
2026-01-11 13:00:00,-1.4,482,378,104,794.3,482,3600,0
2026-01-11 14:00:00,-0.7,369,277,92,715.5,369,3600,0
2026-01-11 15:00:00,-0.6,216,144,72,560.5,216,3600,0
2026-01-11 16:00:00,-0.9,56,25,30.999999999999996,196.6,56,3600,0
2026-01-11 17:00:00,-1.1,0,0,0,0,0,2251.74,0
2026-01-11 18:00:00,-1.9,0,0,0,0,0,0,0
2026-01-11 19:00:00,-2.5,0,0,0,0,0,0,0
2026-01-11 20:00:00,-3,0,0,0,0,0,0,0
2026-01-11 21:00:00,-3.2,0,0,0,0,0,0,0
2026-01-11 22:00:00,-3.5,0,0,0,0,0,0,0
2026-01-11 23:00:00,-3.5,0,0,0,0,0,0,0
2026-01-12 00:00:00,-3.484137931034483,0,0,0,0,0,0,0.689655172413793
2026-01-12 01:00:00,-3.4682758620689653,0,0,0,0,0,0,1.379310344827586
2026-01-12 02:00:00,-3.452413793103448,0,0,0,0,0,0,2.068965517241379
2026-01-12 03:00:00,-3.436551724137931,0,0,0,0,0,0,2.758620689655172
2026-01-12 04:00:00,-3.420689655172414,0,0,0,0,0,0,3.4482758620689653
2026-01-12 05:00:00,-3.4048275862068964,0,0,0,0,0,0,4.137931034482758
2026-01-12 06:00:00,-3.3889655172413793,0,0,0,0,0,0,4.827586206896552
2026-01-12 07:00:00,-3.373103448275862,0,0,0,0,0,0,5.517241379310344
2026-01-12 08:00:00,-3.357241379310345,0,0,0,0,0,0,6.206896551724138
2026-01-12 09:00:00,-3.3413793103448275,0,0,0,0,0,0,6.896551724137931
2026-01-12 10:00:00,-3.3255172413793104,0,0,0,0,0,0,7.586206896551724
2026-01-12 11:00:00,-3.3096551724137933,0,0,0,0,0,0,8.275862068965516
2026-01-12 12:00:00,-3.2937931034482757,0,0,0,0,0,0,8.96551724137931
2026-01-12 13:00:00,-3.2779310344827586,0,0,0,0,0,0,9.655172413793103
2026-01-12 14:00:00,-3.2620689655172415,0,0,0,0,0,0,10.344827586206897
2026-01-12 15:00:00,-3.2462068965517243,0,0,0,0,0,0,11.034482758620689
2026-01-12 16:00:00,-3.230344827586207,0,0,0,0,0,0,11.724137931034482
2026-01-12 17:00:00,-3.2144827586206897,0,0,0,0,0,0,12.413793103448276
2026-01-12 18:00:00,-3.1986206896551725,0,0,0,0,0,0,13.103448275862068
2026-01-12 19:00:00,-3.182758620689655,0,0,0,0,0,0,13.793103448275861
2026-01-12 20:00:00,-3.166896551724138,0,0,0,0,0,0,14.482758620689655
2026-01-12 21:00:00,-3.1510344827586207,0,0,0,0,0,0,15.172413793103448
2026-01-12 22:00:00,-3.1351724137931036,0,0,0,0,0,0,15.86206896551724
2026-01-12 23:00:00,-3.119310344827586,0,0,0,0,0,0,16.551724137931032
2026-01-13 00:00:00,-3.103448275862069,0,0,0,0,0,0,17.241379310344826
2026-01-13 01:00:00,-3.087586206896552,0,0,0,0,0,0,17.93103448275862
2026-01-13 02:00:00,-3.0717241379310343,0,0,0,0,0,0,18.620689655172413
2026-01-13 03:00:00,-3.055862068965517,0,0,0,0,0,0,19.310344827586206
2026-01-13 04:00:00,-3.04,0,0,0,0,0,0,20
2026-01-13 05:00:00,-3.024137931034483,0,0,0,0,0,0,20.689655172413794
2026-01-13 06:00:00,-3.0082758620689654,0,0,0,0,0,0,21.379310344827584
2026-01-13 07:00:00,-2.9924137931034482,0,0,0,0,0,0,22.068965517241377
2026-01-13 08:00:00,-2.976551724137931,0,0,0,0,0,0,22.75862068965517
2026-01-13 09:00:00,-2.9606896551724136,0,0,0,0,0,0,23.448275862068964
2026-01-13 10:00:00,-2.9448275862068964,0,0,0,0,0,0,24.137931034482758
2026-01-13 11:00:00,-2.9289655172413793,0,0,0,0,0,0,24.82758620689655
2026-01-13 12:00:00,-2.913103448275862,0,0,0,0,0,0,25.517241379310345
2026-01-13 13:00:00,-2.897241379310345,0,0,0,0,0,0,26.206896551724135
2026-01-13 14:00:00,-2.8813793103448275,0,0,0,0,0,0,26.89655172413793
2026-01-13 15:00:00,-2.8655172413793104,0,0,0,0,0,0,27.586206896551722
2026-01-13 16:00:00,-2.849655172413793,0,0,0,0,0,0,28.275862068965516
2026-01-13 17:00:00,-2.8337931034482757,0,0,0,0,0,0,28.96551724137931
2026-01-13 18:00:00,-2.8179310344827586,0,0,0,0,0,0,29.655172413793103
2026-01-13 19:00:00,-2.8020689655172415,0,0,0,0,0,0,30.344827586206897
2026-01-13 20:00:00,-2.7862068965517244,0,0,0,0,0,0,31.034482758620687
2026-01-13 21:00:00,-2.770344827586207,0,0,0,0,0,0,31.72413793103448
2026-01-13 22:00:00,-2.7544827586206897,0,0,0,0,0,0,32.41379310344828
2026-01-13 23:00:00,-2.7386206896551726,0,0,0,0,0,0,33.103448275862064
2026-01-14 00:00:00,-2.722758620689655,0,0,0,0,0,0,33.79310344827586
2026-01-14 01:00:00,-2.706896551724138,0,0,0,0,0,0,34.48275862068965
2026-01-14 02:00:00,-2.691034482758621,0,0,0,0,0,0,35.172413793103445
2026-01-14 03:00:00,-2.6751724137931037,0,0,0,0,0,0,35.86206896551724
2026-01-14 04:00:00,-2.659310344827586,0,0,0,0,0,0,36.55172413793103
2026-01-14 05:00:00,-2.643448275862069,0,0,0,0,0,0,37.241379310344826
2026-01-14 06:00:00,-2.627586206896552,0,0,0,0,0,0,37.93103448275862
2026-01-14 07:00:00,-2.6117241379310343,0,0,0,0,0,0,38.62068965517241
2026-01-14 08:00:00,-2.595862068965517,0,0,0,0,0,0,39.310344827586206
2026-01-14 09:00:00,-2.58,0,0,0,0,0,0,40
2026-01-14 10:00:00,-2.564137931034483,0,0,0,0,0,0,40.689655172413794
2026-01-14 11:00:00,-2.5482758620689654,0,0,0,0,0,0,41.37931034482759
2026-01-14 12:00:00,-2.5324137931034483,0,0,0,0,0,0,42.06896551724138
2026-01-14 13:00:00,-2.516551724137931,0,0,0,0,0,0,42.75862068965517
2026-01-14 14:00:00,-2.5006896551724136,0,0,0,0,0,0,43.44827586206896
2026-01-14 15:00:00,-2.4848275862068965,0,0,0,0,0,0,44.137931034482754
2026-01-14 16:00:00,-2.4689655172413794,0,0,0,0,0,0,44.82758620689655
2026-01-14 17:00:00,-2.4531034482758622,0,0,0,0,0,0,45.51724137931034
2026-01-14 18:00:00,-2.437241379310345,0,0,0,0,0,0,46.206896551724135
2026-01-14 19:00:00,-2.4213793103448276,0,0,0,0,0,0,46.89655172413793
2026-01-14 20:00:00,-2.4055172413793104,0,0,0,0,0,0,47.58620689655172
2026-01-14 21:00:00,-2.389655172413793,0,0,0,0,0,0,48.275862068965516
2026-01-14 22:00:00,-2.3737931034482758,0,0,0,0,0,0,48.96551724137931
2026-01-14 23:00:00,-2.3579310344827586,0,0,0,0,0,0,49.6551724137931
2026-01-15 00:00:00,-2.3420689655172415,0,0,0,0,0,0,50.3448275862069
2026-01-15 01:00:00,-2.3262068965517244,0,0,0,0,0,0,51.03448275862069
2026-01-15 02:00:00,-2.310344827586207,0,0,0,0,0,0,51.72413793103448
2026-01-15 03:00:00,-2.2944827586206897,0,0,0,0,0,0,52.41379310344827
2026-01-15 04:00:00,-2.278620689655172,0,0,0,0,0,0,53.103448275862064
2026-01-15 05:00:00,-2.262758620689655,0,0,0,0,0,0,53.79310344827586
2026-01-15 06:00:00,-2.246896551724138,0,0,0,0,0,0,54.48275862068965
2026-01-15 07:00:00,-2.231034482758621,0,0,0,0,0,0,55.172413793103445
2026-01-15 08:00:00,-2.2151724137931037,0,0,0,0,0,0,55.86206896551724
2026-01-15 09:00:00,-2.199310344827586,0,0,0,0,0,0,56.55172413793103
2026-01-15 10:00:00,-2.183448275862069,0,0,0,0,0,0,57.241379310344826
2026-01-15 11:00:00,-2.1675862068965515,0,0,0,0,0,0,57.93103448275862
2026-01-15 12:00:00,-2.1517241379310343,0,0,0,0,0,0,58.62068965517241
2026-01-15 13:00:00,-2.1358620689655172,0,0,0,0,0,0,59.310344827586206
2026-01-15 14:00:00,-2.12,0,0,0,0,0,0,60
2026-01-15 15:00:00,-2.104137931034483,0,0,0,0,0,0,60.689655172413794
2026-01-15 16:00:00,-2.0882758620689654,0,0,0,0,0,0,61.37931034482758
2026-01-15 17:00:00,-2.0724137931034483,0,0,0,0,0,0,62.068965517241374
2026-01-15 18:00:00,-2.0565517241379307,0,0,0,0,0,0,62.75862068965517
2026-01-15 19:00:00,-2.0406896551724136,0,0,0,0,0,0,63.44827586206896
2026-01-15 20:00:00,-2.0248275862068965,0,0,0,0,0,0,64.13793103448276
2026-01-15 21:00:00,-2.0089655172413794,0,0,0,0,0,0,64.82758620689656
2026-01-15 22:00:00,-1.993103448275862,0,0,0,0,0,0,65.51724137931035
2026-01-15 23:00:00,-1.977241379310345,0,0,0,0,0,0,66.20689655172413
2026-01-16 00:00:00,-1.9613793103448276,0,0,0,0,0,0,66.89655172413792
2026-01-16 01:00:00,-1.9455172413793103,0,0,0,0,0,0,67.58620689655172
2026-01-16 02:00:00,-1.9296551724137931,0,0,0,0,0,0,68.27586206896551
2026-01-16 03:00:00,-1.9137931034482758,0,0,0,0,0,0,68.9655172413793
2026-01-16 04:00:00,-1.8979310344827587,0,0,0,0,0,0,69.6551724137931
2026-01-16 05:00:00,-1.8820689655172413,0,0,0,0,0,0,70.34482758620689
2026-01-16 06:00:00,-1.8662068965517242,0,0,0,0,0,0,71.03448275862068
2026-01-16 07:00:00,-1.8503448275862069,0,0,0,0,0,0,71.72413793103448
2026-01-16 08:00:00,-1.8344827586206898,0,0,0,0,0,0,72.41379310344827
2026-01-16 09:00:00,-1.8186206896551724,0,0,0,0,0,0,73.10344827586206
2026-01-16 10:00:00,-1.802758620689655,0,0,0,0,0,0,73.79310344827586
2026-01-16 11:00:00,-1.786896551724138,0,0,0,0,0,0,74.48275862068965
2026-01-16 12:00:00,-1.7710344827586206,0,0,0,0,0,0,75.17241379310344
2026-01-16 13:00:00,-1.7551724137931035,0,0,0,0,0,0,75.86206896551724
2026-01-16 14:00:00,-1.7393103448275862,0,0,0,0,0,0,76.55172413793103
2026-01-16 15:00:00,-1.723448275862069,0,0,0,0,0,0,77.24137931034483
2026-01-16 16:00:00,-1.7075862068965517,0,0,0,0,0,0,77.93103448275862
2026-01-16 17:00:00,-1.6917241379310344,0,0,0,0,0,0,78.62068965517241
2026-01-16 18:00:00,-1.6758620689655173,0,0,0,0,0,0,79.3103448275862
2026-01-16 19:00:00,-1.66,0,0,0,0,0,0,80
2026-01-16 20:00:00,-1.6441379310344828,0,0,0,0,0,0,80.6896551724138
2026-01-16 21:00:00,-1.6282758620689655,0,0,0,0,0,0,81.37931034482759
2026-01-16 22:00:00,-1.6124137931034483,0,0,0,0,0,0,82.06896551724138
2026-01-16 23:00:00,-1.596551724137931,0,0,0,0,0,0,82.75862068965517
2026-01-17 00:00:00,-1.5806896551724139,0,0,0,0,0,0,83.44827586206897
2026-01-17 01:00:00,-1.5648275862068965,0,0,0,0,0,0,84.13793103448276
2026-01-17 02:00:00,-1.5489655172413792,0,0,0,0,0,0,84.82758620689654
2026-01-17 03:00:00,-1.533103448275862,0,0,0,0,0,0,85.51724137931033
2026-01-17 04:00:00,-1.5172413793103448,0,0,0,0,0,0,86.20689655172413
2026-01-17 05:00:00,-1.5013793103448276,0,0,0,0,0,0,86.89655172413792
2026-01-17 06:00:00,-1.4855172413793105,0,0,0,0,0,0,87.58620689655172
2026-01-17 07:00:00,-1.469655172413793,0,0,0,0,0,0,88.27586206896551
2026-01-17 08:00:00,-1.4537931034482758,0,0,0,0,0,0,88.9655172413793
2026-01-17 09:00:00,-1.4379310344827587,0,0,0,0,0,0,89.6551724137931
2026-01-17 10:00:00,-1.4220689655172416,0,0,0,0,0,0,90.34482758620689
2026-01-17 11:00:00,-1.406206896551724,0,0,0,0,0,0,91.03448275862068
2026-01-17 12:00:00,-1.390344827586207,0,0,0,0,0,0,91.72413793103448
2026-01-17 13:00:00,-1.3744827586206898,0,0,0,0,0,0,92.41379310344827
2026-01-17 14:00:00,-1.3586206896551722,0,0,0,0,0,0,93.10344827586206
2026-01-17 15:00:00,-1.3427586206896551,0,0,0,0,0,0,93.79310344827586
2026-01-17 16:00:00,-1.326896551724138,0,0,0,0,0,0,94.48275862068965
2026-01-17 17:00:00,-1.311034482758621,0,0,0,0,0,0,95.17241379310344
2026-01-17 18:00:00,-1.2951724137931033,0,0,0,0,0,0,95.86206896551724
2026-01-17 19:00:00,-1.2793103448275862,0,0,0,0,0,0,96.55172413793103
2026-01-17 20:00:00,-1.263448275862069,0,0,0,0,0,0,97.24137931034483
2026-01-17 21:00:00,-1.2475862068965515,0,0,0,0,0,0,97.93103448275862
2026-01-17 22:00:00,-1.2317241379310344,0,0,0,0,0,0,98.62068965517241
2026-01-17 23:00:00,-1.2158620689655173,0,0,0,0,0,0,99.3103448275862
2026-01-18 00:00:00,-1.2,0,0,0,0,0,0,100
2026-01-18 01:00:00,-2,0,0,0,0,0,0,100
2026-01-18 02:00:00,-2,0,0,0,0,0,0,100
2026-01-18 03:00:00,-2.3,0,0,0,0,0,0,100
2026-01-18 04:00:00,-2.3,0,0,0,0,0,0,100
2026-01-18 05:00:00,-2.4,0,0,0,0,0,0,99
2026-01-18 06:00:00,-2.4,0,0,0,0,0,0,100
2026-01-18 07:00:00,-2.4,5,0,5,0,5,0,99
2026-01-18 08:00:00,-2.1,28,0,28,0,28,0,100
2026-01-18 09:00:00,-2,61,2,58.99999999999999,5.6,61,0,100
2026-01-18 10:00:00,-1.7,103,13,90,28,103,0,99
2026-01-18 11:00:00,-1.4,124,15,109.00000000000001,28.6,124,0,97
2026-01-18 12:00:00,-1.2,149,22,127,41,149,0,100
2026-01-18 13:00:00,-1,102,3,99,5.999999999999999,102,0,99
2026-01-18 14:00:00,-1.7,109,7,102,17.1,109,0,100
2026-01-18 15:00:00,-1.4,48,0,48,0,48,0,100
2026-01-18 16:00:00,-1.3,18,0,18,0,18,0,100
2026-01-18 17:00:00,-1.6,0,0,0,0,0,0,100
2026-01-18 18:00:00,-2.2,0,0,0,0,0,0,100
2026-01-18 19:00:00,-2.3,0,0,0,0,0,0,100
2026-01-18 20:00:00,-2.4,0,0,0,0,0,0,100
2026-01-18 21:00:00,-2.6,0,0,0,0,0,0,100
2026-01-18 22:00:00,-2.5,0,0,0,0,0,0,100
2026-01-18 23:00:00,-2.5,0,0,0,0,0,0,100
2026-01-19 00:00:00,-2.8,0,0,0,0,0,0,100
2026-01-19 01:00:00,-3.2,0,0,0,0,0,0,98
2026-01-19 02:00:00,-3.5,0,0,0,0,0,0,97
2026-01-19 03:00:00,-3.9,0,0,0,0,0,0,95
2026-01-19 04:00:00,-4.1,0,0,0,0,0,0,100
2026-01-19 05:00:00,-4.4,0,0,0,0,0,0,100
2026-01-19 06:00:00,-4.6,0,0,0,0,0,0,100
2026-01-19 07:00:00,-4.8,14,0,14,0,14,0,99
2026-01-19 08:00:00,-4.5,85,10,75,47.2,85,0,93
2026-01-19 09:00:00,-4.3,153,17,136,47.5,153,0,96
2026-01-19 10:00:00,-4,224,21.000000000000004,203,45.1,224,0,100
2026-01-19 11:00:00,-3.8,270,14,256,26.5,270,0,100
2026-01-19 12:00:00,-3.6,396,135,261,250.2,396,0,100
2026-01-19 13:00:00,-3.5,473,321,152,641.5,473,3600,94
2026-01-19 14:00:00,-3.9,288,117,171,283.3,288,3600,93
2026-01-19 15:00:00,-4.1,176,54,122,190.6,176,3600,90
2026-01-19 16:00:00,-4.3,58,10,48,71,58,3600,90
2026-01-19 17:00:00,-4.6,0,0,0,0,0,254.91,96
2026-01-19 18:00:00,-5.1,0,0,0,0,0,0,100
2026-01-19 19:00:00,-5.5,0,0,0,0,0,0,100
2026-01-19 20:00:00,-6.3,0,0,0,0,0,0,100
2026-01-19 21:00:00,-6.4,0,0,0,0,0,0,100
2026-01-19 22:00:00,-6.7,0,0,0,0,0,0,100
2026-01-19 23:00:00,-6.8,0,0,0,0,0,0,100
2026-01-20 00:00:00,-6.9,0,0,0,0,0,0,100
2026-01-20 01:00:00,-6.9,0,0,0,0,0,0,100
2026-01-20 02:00:00,-7.4,0,0,0,0,0,0,100
2026-01-20 03:00:00,-7.5,0,0,0,0,0,0,100
2026-01-20 04:00:00,-7.9,0,0,0,0,0,0,100
2026-01-20 05:00:00,-8.2,0,0,0,0,0,0,50
2026-01-20 06:00:00,-8.5,0,0,0,0,0,0,100
2026-01-20 07:00:00,-8.9,28,9,19,88.7,28,0,15
2026-01-20 08:00:00,-9.1,169,97,72,453.9,169,274.4,0
2026-01-20 09:00:00,-8.5,334,235,99,652.1,334,3600,0
2026-01-20 10:00:00,-7.3,465,351,113.99999999999999,749.2000000000002,465,3600,0
2026-01-20 11:00:00,-6.1,543,424,119,798.9999999999999,543,3600,0
2026-01-20 12:00:00,-5.1,557,440.00000000000006,117,810.8000000000001,557,3600,0
2026-01-20 13:00:00,-4.5,507,396,111,786.2,507,3600,0
2026-01-20 14:00:00,-3.8,384,268,116,643.6,384,3600,35
2026-01-20 15:00:00,-3.7,233,146,87,509.2,233,3600,22
2026-01-20 16:00:00,-3.8,71,28,43,196.50000000000003,71,3600,50
2026-01-20 17:00:00,-4.4,1,0,1,0,1,2835.11,36
2026-01-20 18:00:00,-5,0,0,0,0,0,0,82
2026-01-20 19:00:00,-5.6,0,0,0,0,0,0,88
2026-01-20 20:00:00,-6.6,0,0,0,0,0,0,77
2026-01-20 21:00:00,-7.1,0,0,0,0,0,0,31
2026-01-20 22:00:00,-7.6,0,0,0,0,0,0,15
2026-01-20 23:00:00,-8,0,0,0,0,0,0,9
2026-01-21 00:00:00,-8.4,0,0,0,0,0,0,9
2026-01-21 01:00:00,-8.6,0,0,0,0,0,0,0
2026-01-21 02:00:00,-9,0,0,0,0,0,0,0
2026-01-21 03:00:00,-9.3,0,0,0,0,0,0,0
2026-01-21 04:00:00,-9.6,0,0,0,0,0,0,0
2026-01-21 05:00:00,-9.8,0,0,0,0,0,0,0
2026-01-21 06:00:00,-10.1,0,0,0,0,0,0,0
2026-01-21 07:00:00,-10.3,29,10,19,97.8,29,0,0
2026-01-21 08:00:00,-9.8,177,106,71,491.7,177,370.49,0
2026-01-21 09:00:00,-8.6,346,248,98,683.9,346,3600,0
2026-01-21 10:00:00,-6.8,481,370,111,785.4,481,3600,0
2026-01-21 11:00:00,-5.2,560,443.99999999999994,116,832.1,560,3600,0
2026-01-21 12:00:00,-3.8,574,459,115,840.7999999999998,574,3600,0
2026-01-21 13:00:00,-3,524,415,109,818.4,524,3600,0
2026-01-21 14:00:00,-2.3,413,316,97,752.6,413,3600,0
2026-01-21 15:00:00,-2,256,179,77,616.8,256,3600,0
2026-01-21 16:00:00,-2.3,85,44,41,304.9,85,3600,0
2026-01-21 17:00:00,-2.9,1,0,1,0,1,2900.93,0
2026-01-21 18:00:00,-3.9,0,0,0,0,0,0,0
2026-01-21 19:00:00,-4.7,0,0,0,0,0,0,0
2026-01-21 20:00:00,-5.8,0,0,0,0,0,0,0
2026-01-21 21:00:00,-6.3,0,0,0,0,0,0,0
2026-01-21 22:00:00,-6.9,0,0,0,0,0,0,0
2026-01-21 23:00:00,-7.3,0,0,0,0,0,0,0
2026-01-22 00:00:00,-7.7,0,0,0,0,0,0,40
2026-01-22 01:00:00,-7.9,0,0,0,0,0,0,7
2026-01-22 02:00:00,-8.5,0,0,0,0,0,0,6
2026-01-22 03:00:00,-8.8,0,0,0,0,0,0,12
2026-01-22 04:00:00,-9.1,0,0,0,0,0,0,0
2026-01-22 05:00:00,-9.3,0,0,0,0,0,0,0
2026-01-22 06:00:00,-9.7,0,0,0,0,0,0,0
2026-01-22 07:00:00,-10.1,30,10,20,96.9,30,0,0
2026-01-22 08:00:00,-9.9,178,105,73,482.6,178,372.23,0
2026-01-22 09:00:00,-8.3,347,244.99999999999997,102,671.2,347,3600,0
2026-01-22 10:00:00,-5.3,482.00000000000006,366,116,772.5,482.00000000000006,3600,0
2026-01-22 11:00:00,-2.5,562,442.99999999999994,118.99999999999999,825.6,562,3600,0
2026-01-22 12:00:00,-1.1,578,460,118,837.7000000000002,578,3600,0
2026-01-22 13:00:00,-0.1,527,416,111,814.8,527,3600,0
2026-01-22 14:00:00,1.4,416,318,98,751,416,3600,0
2026-01-22 15:00:00,1.6,257,178,79,606,257,3600,0
2026-01-22 16:00:00,1.4,86.00000000000001,43,43,294.3,86.00000000000001,3600,10
2026-01-22 17:00:00,0.4,1,0,1,0,1,2966.57,33
2026-01-22 18:00:00,-1.1,0,0,0,0,0,0,78
2026-01-22 19:00:00,-1.9,0,0,0,0,0,0,77
2026-01-22 20:00:00,-2.9,0,0,0,0,0,0,75
2026-01-22 21:00:00,-3.2,0,0,0,0,0,0,82
2026-01-22 22:00:00,-3.4,0,0,0,0,0,0,100
2026-01-22 23:00:00,-3.6,0,0,0,0,0,0,88
2026-01-23 00:00:00,-3.8,0,0,0,0,0,0,100
2026-01-23 01:00:00,-4.1,0,0,0,0,0,0,79
2026-01-23 02:00:00,-4.7,0,0,0,0,0,0,67
2026-01-23 03:00:00,-5.1,0,0,0,0,0,0,42
2026-01-23 04:00:00,-5.5,0,0,0,0,0,0,25
2026-01-23 05:00:00,-6.2,0,0,0,0,0,0,11
2026-01-23 06:00:00,-6.9,0,0,0,0,0,0,0
2026-01-23 07:00:00,-7.3,29,9,20,86.4,29,0,0
2026-01-23 08:00:00,-6.7,173,100,73,455.2,173,273.99,0
2026-01-23 09:00:00,-5.1,336,235,101,639.5,336,3600,0
2026-01-23 10:00:00,-1.9,469,354.99999999999994,113.99999999999999,744.8,469,3600,0
2026-01-23 11:00:00,0.7,549,431.00000000000006,117.99999999999999,798.5999999999999,549,3600,0
2026-01-23 12:00:00,2.1,565,447.99999999999994,117,810.9,565,3600,0
2026-01-23 13:00:00,2.9,517,406,111,789.8,517,3600,0
2026-01-23 14:00:00,3.4,409,309,100,723.7,409,3600,0
2026-01-23 15:00:00,3.4,254.00000000000003,174,80,585.3,254.00000000000003,3600,0
2026-01-23 16:00:00,3,87,43,44,290.7,87,3600,0
2026-01-23 17:00:00,1.8,1,0,1,0,1,3032.84,0
2026-01-23 18:00:00,0.2,0,0,0,0,0,0,0
2026-01-23 19:00:00,-1,0,0,0,0,0,0,0
2026-01-23 20:00:00,-2.7,0,0,0,0,0,0,0
2026-01-23 21:00:00,-3.4,0,0,0,0,0,0,0
2026-01-23 22:00:00,-4.4,0,0,0,0,0,0,0
2026-01-23 23:00:00,-5.1,0,0,0,0,0,0,0
2026-01-24 00:00:00,-5.8,0,0,0,0,0,0,0
2026-01-24 01:00:00,-6.4,0,0,0,0,0,0,0
2026-01-24 02:00:00,-6.9,0,0,0,0,0,0,0
2026-01-24 03:00:00,-7,0,0,0,0,0,0,0
2026-01-24 04:00:00,-7.2,0,0,0,0,0,0,0
2026-01-24 05:00:00,-7.4,0,0,0,0,0,0,0
2026-01-24 06:00:00,-7.6,0,0,0,0,0,0,0
2026-01-24 07:00:00,-7.6,30,9,21,85.5,30,0,0
2026-01-24 08:00:00,-6.8,175,100,75,450.6,175,273.15,0
2026-01-24 09:00:00,-4.6,339,235,104.00000000000001,635,339,3600,0
2026-01-24 10:00:00,-1.3,472,354.99999999999994,117,740.3,472,3600,0
2026-01-24 11:00:00,1.6,552,432.00000000000006,120.00000000000001,795.7,552,3600,0
2026-01-24 12:00:00,3.9,568,451,117,811.3000000000001,568,3600,0
2026-01-24 13:00:00,5.6,519,410,109,792.1,519,3600,0
2026-01-24 14:00:00,6.7,413,316,97,733.8,413,3600,0
2026-01-24 15:00:00,7.1,259,181,78,601.5,259,3600,0
2026-01-24 16:00:00,6.8,90,47,43,313.8,90,3600,0
2026-01-24 17:00:00,5,2,0,2,0,2,3099.88,0
2026-01-24 18:00:00,2.3,0,0,0,0,0,0,0
2026-01-24 19:00:00,1,0,0,0,0,0,0,0
2026-01-24 20:00:00,-1.1,0,0,0,0,0,0,0
2026-01-24 21:00:00,-2.1,0,0,0,0,0,0,0
2026-01-24 22:00:00,-3,0,0,0,0,0,0,0
2026-01-24 23:00:00,-3.5,0,0,0,0,0,0,27
2026-01-25 00:00:00,-4,0,0,0,0,0,0,93
2026-01-25 01:00:00,-4.3,0,0,0,0,0,0,33
2026-01-25 02:00:00,-4,0,0,0,0,0,0,39
2026-01-25 03:00:00,-4.3,0,0,0,0,0,0,98
2026-01-25 04:00:00,-4.2,0,0,0,0,0,0,98
2026-01-25 05:00:00,-4.1,0,0,0,0,0,0,100
2026-01-25 06:00:00,-4.2,0,0,0,0,0,0,83
2026-01-25 07:00:00,-4.3,30,9,21,84.6,30,0,36
2026-01-25 08:00:00,-4.1,174,99,75,441.4,174,271.85,51
2026-01-25 09:00:00,-2.9,335,227,108,609,335,3600,12
2026-01-25 10:00:00,-1.1,462,335,127,694.2,462,3600,57
2026-01-25 11:00:00,0.9,537,400.00000000000006,137,732.3,537,3600,50
2026-01-25 12:00:00,2.3,545,393,152,702.5,545,3600,18
2026-01-25 13:00:00,3.2,471,305,166,585.1,471,3600,11
2026-01-25 14:00:00,3.1,369,207,162,476.6,369,3600,7
2026-01-25 15:00:00,3.2,226,106,120,348,226,3600,47
2026-01-25 16:00:00,2.9,66,5,61.00000000000001,33,66,3600,100
2026-01-25 17:00:00,2,2,0,2,0,2,0,100
2026-01-25 18:00:00,0.2,0,0,0,0,0,0,100
2026-01-25 19:00:00,-0.9,0,0,0,0,0,0,100
2026-01-25 20:00:00,-1.6,0,0,0,0,0,0,100
2026-01-25 21:00:00,-1.7,0,0,0,0,0,0,100
2026-01-25 22:00:00,-1.6,0,0,0,0,0,0,97
2026-01-25 23:00:00,-1.6,0,0,0,0,0,0,100
2026-01-26 00:00:00,-1.6,0,0,0,0,0,0,100
2026-01-26 01:00:00,-1.7,0,0,0,0,0,0,100
2026-01-26 02:00:00,-1.8,0,0,0,0,0,0,100
2026-01-26 03:00:00,-2,0,0,0,0,0,0,97
2026-01-26 04:00:00,-2,0,0,0,0,0,0,100
2026-01-26 05:00:00,-2,0,0,0,0,0,0,90
2026-01-26 06:00:00,-2.1,0,0,0,0,0,0,78
2026-01-26 07:00:00,-2.3,27,4,23,37.2,27,0,53
2026-01-26 08:00:00,-1.9,127,31,96,136.7,127,0,88
2026-01-26 09:00:00,-0.8,282,130,152,346.1,282,2300.81,79
2026-01-26 10:00:00,1.3,375,142,233,292.3,375,3600,100
2026-01-26 11:00:00,3.3,454,201,253,365.7,454,3600,100
2026-01-26 12:00:00,4.3,484,251.99999999999997,232,447.50000000000006,484,3600,100
2026-01-26 13:00:00,5,474,289,185,550.4,474,3600,100
2026-01-26 14:00:00,5,359,188,171,429.1,359,3600,100
2026-01-26 15:00:00,5.2,204,60,144,194.6,204,3600,100
2026-01-26 16:00:00,4.7,76,13,63.00000000000001,84.7,76,3600,100
2026-01-26 17:00:00,3.9,2,0,2,0,2,664.91,97
2026-01-26 18:00:00,2.2,0,0,0,0,0,0,22
2026-01-26 19:00:00,0.7,0,0,0,0,0,0,0
2026-01-26 20:00:00,-0.6,0,0,0,0,0,0,0
2026-01-26 21:00:00,-1.3,0,0,0,0,0,0,0
2026-01-26 22:00:00,-1.9,0,0,0,0,0,0,0
2026-01-26 23:00:00,-2.4,0,0,0,0,0,0,0
2026-01-27 00:00:00,-2.8,0,0,0,0,0,0,0
2026-01-27 01:00:00,-3.2,0,0,0,0,0,0,0
2026-01-27 02:00:00,-3.3,0,0,0,0,0,0,0
2026-01-27 03:00:00,-3.5,0,0,0,0,0,0,0
2026-01-27 04:00:00,-3.7,0,0,0,0,0,0,0
2026-01-27 05:00:00,-4,0,0,0,0,0,0,0
2026-01-27 06:00:00,-4.2,0,0,0,0,0,0,0
2026-01-27 07:00:00,-4.4,32,10,22,92,32,0,0
2026-01-27 08:00:00,-4.6,182,106,76,462.1,182,375.81,0
2026-01-27 09:00:00,-3.4,349,244,105,644.6,349,3600,0
2026-01-27 10:00:00,-1.3,484,365,119,746.5,484,3600,1
2026-01-27 11:00:00,0.7,565.0000000000001,440,124.99999999999999,795.4,565.0000000000001,3600,1
2026-01-27 12:00:00,2.4,579,451,127.99999999999999,795.6999999999999,579,3600,12
2026-01-27 13:00:00,3.7,528,402,126,760.1,528,3600,14
2026-01-27 14:00:00,5,398,257,141,581.4,398,3600,100
2026-01-27 15:00:00,5.1,242,120,122,384.5,242,3600,100
2026-01-27 16:00:00,4.9,84,23,61,147.9,84,3600,97
2026-01-27 17:00:00,4.2,3,0,3,0,3,2421.15,100
2026-01-27 18:00:00,2.6,0,0,0,0,0,0,88
2026-01-27 19:00:00,1,0,0,0,0,0,0,93
2026-01-27 20:00:00,-0.7,0,0,0,0,0,0,62
2026-01-27 21:00:00,-1.2,0,0,0,0,0,0,91
2026-01-27 22:00:00,-1.4,0,0,0,0,0,0,83
2026-01-27 23:00:00,-1.5,0,0,0,0,0,0,78
2026-01-28 00:00:00,-1.5,0,0,0,0,0,0,80
2026-01-28 01:00:00,-1.4,0,0,0,0,0,0,70
2026-01-28 02:00:00,-2.2,0,0,0,0,0,0,59
2026-01-28 03:00:00,-2.2,0,0,0,0,0,0,45
2026-01-28 04:00:00,-2.5,0,0,0,0,0,0,41
2026-01-28 05:00:00,-2.7,0,0,0,0,0,0,68
2026-01-28 06:00:00,-2.9,0,0,0,0,0,0,29
2026-01-28 07:00:00,-3.1,34,11,23,100,34,0,21
2026-01-28 08:00:00,-3,180,102,78,439.5,180,485.44,39
2026-01-28 09:00:00,-1.5,355,252,103,660.4,355,3600,18
2026-01-28 10:00:00,1.8,491,376,114.99999999999999,763.7,491,3600,8
2026-01-28 11:00:00,4.6,574,456.00000000000006,118,818.9999999999999,574,3600,0
2026-01-28 12:00:00,6.1,591,476,115,834.1999999999999,591,3600,9
2026-01-28 13:00:00,6.7,541,434,107,814.6,541,3600,0
2026-01-28 14:00:00,7,419,302,117,677.2,419,3600,0
2026-01-28 15:00:00,7.3,238,119,119,376.6,238,3600,45
2026-01-28 16:00:00,7.1,88,32,56,203.2,88,3600,51
2026-01-28 17:00:00,6.4,3,0,3,0,3,3373.88,57
2026-01-28 18:00:00,5.2,0,0,0,0,0,0,58
2026-01-28 19:00:00,3.4,0,0,0,0,0,0,67
2026-01-28 20:00:00,1.1,0,0,0,0,0,0,73
2026-01-28 21:00:00,0.3,0,0,0,0,0,0,70
2026-01-28 22:00:00,-0.1,0,0,0,0,0,0,73
2026-01-28 23:00:00,-0.4,0,0,0,0,0,0,75
2026-01-29 00:00:00,-0.4,0,0,0,0,0,0,76
2026-01-29 01:00:00,-0.9,0,0,0,0,0,0,71
2026-01-29 02:00:00,-2.2,0,0,0,0,0,0,31
2026-01-29 03:00:00,-2.5,0,0,0,0,0,0,24
2026-01-29 04:00:00,-2.4,0,0,0,0,0,0,23
2026-01-29 05:00:00,-2.3,0,0,0,0,0,0,37
2026-01-29 06:00:00,-2.5,0,0,0,0,0,0,64
2026-01-29 07:00:00,-2.8,28,4,24,35.9,28,0,65
2026-01-29 08:00:00,-3,141,37,104,157.5,141,0,72
2026-01-29 09:00:00,-1.9,269,88,181,228.69999999999996,269,2925.93,97
2026-01-29 10:00:00,0,359,116,242.99999999999997,234,359,3600,95
2026-01-29 11:00:00,1.6,442.99999999999994,198,245,353.3,442.99999999999994,3600,91
2026-01-29 12:00:00,2.6,450,180,270,313.3,450,3600,92
2026-01-29 13:00:00,3.3,322,54,268,100.6,322,3600,100
2026-01-29 14:00:00,3.3,274,65,209,144.5,274,1218.2,94
2026-01-29 15:00:00,3.1,134,7,127,21.9,134,2534.26,100
2026-01-29 16:00:00,2.4,61,3,58,18.8,61,0,100
2026-01-29 17:00:00,1.4,3,0,3,0,3,0,91
2026-01-29 18:00:00,0.2,0,0,0,0,0,0,74
2026-01-29 19:00:00,-0.7,0,0,0,0,0,0,100
2026-01-29 20:00:00,-1.6,0,0,0,0,0,0,98
2026-01-29 21:00:00,-2,0,0,0,0,0,0,93
2026-01-29 22:00:00,-2.2,0,0,0,0,0,0,98
2026-01-29 23:00:00,-2.2,0,0,0,0,0,0,100
2026-01-30 00:00:00,-2.3,0,0,0,0,0,0,100
2026-01-30 01:00:00,-2.4,0,0,0,0,0,0,100
2026-01-30 02:00:00,-2.4,0,0,0,0,0,0,100
2026-01-30 03:00:00,-2.6,0,0,0,0,0,0,100
2026-01-30 04:00:00,-2.8,0,0,0,0,0,0,100
2026-01-30 05:00:00,-3,0,0,0,0,0,0,100
2026-01-30 06:00:00,-3.2,0,0,0,0,0,0,100
2026-01-30 07:00:00,-3.3,22,0,22,0,22,0,100
2026-01-30 08:00:00,-3,105,9,96,37.9,105,0,100
2026-01-30 09:00:00,-2.5,215,52,163,134,215,0,93
2026-01-30 10:00:00,-1.6,336,121,215.00000000000003,242.3,336,2221.32,82
2026-01-30 11:00:00,-0.6,353,133,220.00000000000003,235.7,353,3600,80
2026-01-30 12:00:00,0.1,386.00000000000006,135,251,233.4,386.00000000000006,3600,82
2026-01-30 13:00:00,0.9,433,225,208,416.1,433,3600,94
2026-01-30 14:00:00,2,392,240,152,528.7,392,3600,100
2026-01-30 15:00:00,2.4,232,104,128,321.2,232,3600,65
2026-01-30 16:00:00,2.4,83,20,63,123.90000000000002,83,3600,79
2026-01-30 17:00:00,1.9,3,0,3,0,3,1870.76,82
2026-01-30 18:00:00,0.9,0,0,0,0,0,0,80
2026-01-30 19:00:00,0.2,0,0,0,0,0,0,100
2026-01-30 20:00:00,-0.3,0,0,0,0,0,0,100
2026-01-30 21:00:00,-0.7,0,0,0,0,0,0,100
2026-01-30 22:00:00,-0.9,0,0,0,0,0,0,100
2026-01-30 23:00:00,-0.9,0,0,0,0,0,0,100
2026-01-31 00:00:00,-0.9,0,0,0,0,0,0,100
2026-01-31 01:00:00,-0.8,0,0,0,0,0,0,100
2026-01-31 02:00:00,-1.1,0,0,0,0,0,0,88
2026-01-31 03:00:00,-1.2,0,0,0,0,0,0,86
2026-01-31 04:00:00,-1.3,0,0,0,0,0,0,80
2026-01-31 05:00:00,-1.4,0,0,0,0,0,0,79
2026-01-31 06:00:00,-1.6,0,0,0,0,0,0,66
2026-01-31 07:00:00,-1.9,25,3,22,26.300000000000004,25,0,81
2026-01-31 08:00:00,-1.4,111,28,83,116.3,111,0,85
2026-01-31 09:00:00,-0.7,237,85,152,217.29999999999998,237,1688.76,83
2026-01-31 10:00:00,0.8,315,109,206,216.7,315,3600,85
2026-01-31 11:00:00,2.1,310,73,237.00000000000003,128.5,310,3600,99
2026-01-31 12:00:00,2.9,285,65,220,111.6,285,2055.07,100
2026-01-31 13:00:00,3.3,266,69,197,126.6,266,1548.29,100
2026-01-31 14:00:00,3.7,321,158,163,345,321,1999.35,69
2026-01-31 15:00:00,4,189,77,112,234.9,189,3600,89
2026-01-31 16:00:00,3.7,86,27.000000000000004,59,165.2,86,3600,88
2026-01-31 17:00:00,3.2,4,0,4,0,4,3141.36,61
2026-01-31 18:00:00,2.1,0,0,0,0,0,0,43
2026-01-31 19:00:00,1.1,0,0,0,0,0,0,55
2026-01-31 20:00:00,-0.7,0,0,0,0,0,0,0
2026-01-31 21:00:00,-1.4,0,0,0,0,0,0,0
2026-01-31 22:00:00,-1.7,0,0,0,0,0,0,0
2026-01-31 23:00:00,-1.9,0,0,0,0,0,0,4
2026-02-01 00:00:00,-2.1,0,0,0,0,0,0,4
2026-02-01 01:00:00,-2.4,0,0,0,0,0,0,7
2026-02-01 02:00:00,-3.5,0,0,0,0,0,0,0
2026-02-01 03:00:00,-3.9,0,0,0,0,0,0,0
2026-02-01 04:00:00,-4.1,0,0,0,0,0,0,0
2026-02-01 05:00:00,-4.1,0,0,0,0,0,0,0
2026-02-01 06:00:00,-4.2,0,0,0,0,0,0,0
2026-02-01 07:00:00,-4.5,37,12,25,103.8,37,0,0
2026-02-01 08:00:00,-4.4,190,111,79,455.2,190,604.66,0
2026-02-01 09:00:00,-2.9,354,247,107.00000000000001,625.9,354,3600,0
2026-02-01 10:00:00,0,488.00000000000006,366,122,722.4999999999999,488.00000000000006,3600,0
2026-02-01 11:00:00,3.1,569,439,130,767.5,569,3600,0
2026-02-01 12:00:00,4.9,578,418,160,712.8,578,3600,18
2026-02-01 13:00:00,6,506,317,189,577.5,506,3600,36
2026-02-01 14:00:00,6.5,391,221,170,478.3,391,3600,39
2026-02-01 15:00:00,6.7,206,89,117,268.3,206,3600,89
2026-02-01 16:00:00,6.4,71,21,49.99999999999999,125.89999999999999,71,3600,72
2026-02-01 17:00:00,5.9,4,0,4,0,4,1977,59
2026-02-01 18:00:00,4.6,0,0,0,0,0,0,50
2026-02-01 19:00:00,3.1,0,0,0,0,0,0,56
2026-02-01 20:00:00,1.1,0,0,0,0,0,0,53
2026-02-01 21:00:00,0.5,0,0,0,0,0,0,25
2026-02-01 22:00:00,-0.2,0,0,0,0,0,0,29
2026-02-01 23:00:00,-0.9,0,0,0,0,0,0,25
2026-02-02 00:00:00,-1.4,0,0,0,0,0,0,40
2026-02-02 01:00:00,-1.8,0,0,0,0,0,0,36
2026-02-02 02:00:00,-2.2,0,0,0,0,0,0,16
2026-02-02 03:00:00,-2.7,0,0,0,0,0,0,27
2026-02-02 04:00:00,-3.1,0,0,0,0,0,0,13
2026-02-02 05:00:00,-3.4,0,0,0,0,0,0,16
2026-02-02 06:00:00,-3.6,0,0,0,0,0,0,10
2026-02-02 07:00:00,-3.9,39,11,28,93.9,39,0,25
2026-02-02 08:00:00,-4.1,193,95,98,384.6,193,483.38,47
2026-02-02 09:00:00,-2.9,368,245,123,615.4,368,3600,29
2026-02-02 10:00:00,-1.1,510,387,123,758.3,510,3600,0
2026-02-02 11:00:00,1,593,467.00000000000006,125.99999999999999,810.8,593,3600,0
2026-02-02 12:00:00,2.8,613,488.00000000000006,125,826.4,613,3600,0
2026-02-02 13:00:00,4.1,565,447,118,808.2,565,3600,0
2026-02-02 14:00:00,5.1,458,351,107,752.9,458,3600,0
2026-02-02 15:00:00,5.4,301,212,89,631.5,301,3600,0
2026-02-02 16:00:00,5.3,121.00000000000001,66,55,386.8,121.00000000000001,3600,0
2026-02-02 17:00:00,4.7,6,1,5,13.200000000000001,6,3600,0
2026-02-02 18:00:00,3.2,0,0,0,0,0,0,0
2026-02-02 19:00:00,1.7,0,0,0,0,0,0,0
2026-02-02 20:00:00,-0.4,0,0,0,0,0,0,0
2026-02-02 21:00:00,-1.4,0,0,0,0,0,0,0
2026-02-02 22:00:00,-2.1,0,0,0,0,0,0,0
2026-02-02 23:00:00,-2.5,0,0,0,0,0,0,0
2026-02-03 00:00:00,-2.7,0,0,0,0,0,0,0
2026-02-03 01:00:00,-2.9,0,0,0,0,0,0,0
2026-02-03 02:00:00,-2.2,0,0,0,0,0,0,0
2026-02-03 03:00:00,-2.3,0,0,0,0,0,0,0
2026-02-03 04:00:00,-2.4,0,0,0,0,0,0,0
2026-02-03 05:00:00,-2.7,0,0,0,0,0,0,0
2026-02-03 06:00:00,-2.9,0,0,0,0,0,0,0
2026-02-03 07:00:00,-3,42,13,29,109.5,42,0,20
2026-02-03 08:00:00,-1.9,200,116,84,463.4,200,728.85,39
2026-02-03 09:00:00,0,365,244,121,607.4,365,3600,60
2026-02-03 10:00:00,3.6,496.00000000000006,348,148,676.8,496.00000000000006,3600,57
2026-02-03 11:00:00,6.7,566,388,178,669,566,3600,89
2026-02-03 12:00:00,9,566,360,206,605.4,566,3600,100
2026-02-03 13:00:00,10.2,501,286,215.00000000000003,513.2,501,3600,100
2026-02-03 14:00:00,10.8,388,190,198,404,388,3600,100
2026-02-03 15:00:00,10.8,239,84,155,247.2,239,3600,100
2026-02-03 16:00:00,10.1,98,20,78,114.59999999999998,98,3600,100
2026-02-03 17:00:00,9,7,0,7,0,7,1639.49,100
2026-02-03 18:00:00,7.2,0,0,0,0,0,0,100
2026-02-03 19:00:00,5.8,0,0,0,0,0,0,100
2026-02-03 20:00:00,4.9,0,0,0,0,0,0,100
2026-02-03 21:00:00,4.2,0,0,0,0,0,0,100
2026-02-03 22:00:00,3.7,0,0,0,0,0,0,100
2026-02-03 23:00:00,3.3,0,0,0,0,0,0,100
2026-02-04 00:00:00,3.3,0,0,0,0,0,0,100
2026-02-04 01:00:00,3.2,0,0,0,0,0,0,100
2026-02-04 02:00:00,3.3,0,0,0,0,0,0,100
2026-02-04 03:00:00,3.3,0,0,0,0,0,0,100
2026-02-04 04:00:00,3.3,0,0,0,0,0,0,90
2026-02-04 05:00:00,3.3,0,0,0,0,0,0,96
2026-02-04 06:00:00,3.3,0,0,0,0,0,0,77
2026-02-04 07:00:00,2.9,41,13,28,108,41,0,64
2026-02-04 08:00:00,2.7,199,119,80,469.2,199,730.01,30
2026-02-04 09:00:00,4.5,370,264,106.00000000000001,651.3,370,3600,0
2026-02-04 10:00:00,6.9,507,389,118,750.9,507,3600,0
2026-02-04 11:00:00,9.2,591,469,122,803,591,3600,0
2026-02-04 12:00:00,11,602,471,131,786.5,602,3600,4
2026-02-04 13:00:00,12.4,504,307,197,546.7,504,3600,65
2026-02-04 14:00:00,13.6,420,283,137,596.4,420,3600,40
2026-02-04 15:00:00,13.9,246,113,133,328.7,246,3600,60
2026-02-04 16:00:00,13.8,108,42.00000000000001,66,235.6,108,3600,80
2026-02-04 17:00:00,13.2,7,1,6,12.5,7,3600,39
2026-02-04 18:00:00,11.3,0,0,0,0,0,0,41
2026-02-04 19:00:00,9.8,0,0,0,0,0,0,60
2026-02-04 20:00:00,8.1,0,0,0,0,0,0,40
2026-02-04 21:00:00,6.7,0,0,0,0,0,0,15
2026-02-04 22:00:00,5.7,0,0,0,0,0,0,100
2026-02-04 23:00:00,4.9,0,0,0,0,0,0,100
2026-02-05 00:00:00,4.6,0,0,0,0,0,0,100
2026-02-05 01:00:00,4.5,0,0,0,0,0,0,100
2026-02-05 02:00:00,4.2,0,0,0,0,0,0,100
2026-02-05 03:00:00,2.7,0,0,0,0,0,0,100
2026-02-05 04:00:00,1.5,0,0,0,0,0,0,57
2026-02-05 05:00:00,1,0,0,0,0,0,0,7
2026-02-05 06:00:00,0.8,0,0,0,0,0,0,43
2026-02-05 07:00:00,0.8,44,13,31,106.6,44,0,19
2026-02-05 08:00:00,-0.4,198,104,94,404.6,198,730.31,66
2026-02-05 09:00:00,1.6,372,253,118.99999999999999,618.5,372,3600,6
2026-02-05 10:00:00,6,484,316,168,605.4,484,3600,100
2026-02-05 11:00:00,8.8,588,457,131,777,588,3600,62
2026-02-05 12:00:00,9.4,544,361,183,598.6,544,3600,0
2026-02-05 13:00:00,4.5,497,300,196.99999999999997,530.2,497,3600,70
2026-02-05 14:00:00,3.8,386,205,181,428.2,386,3600,45
2026-02-05 15:00:00,2.4,245,97.99999999999999,147,281.7,245,3600,80
2026-02-05 16:00:00,1.3,109,32,77,175.7,109,3600,100
2026-02-05 17:00:00,0.1,8,0,8,0,8,3471.06,99
2026-02-05 18:00:00,-0.9,0,0,0,0,0,0,97
2026-02-05 19:00:00,-1.4,0,0,0,0,0,0,100
2026-02-05 20:00:00,-1.6,0,0,0,0,0,0,100
2026-02-05 21:00:00,-1.9,0,0,0,0,0,0,100
2026-02-05 22:00:00,-2.2,0,0,0,0,0,0,100
2026-02-05 23:00:00,-2.4,0,0,0,0,0,0,100
2026-02-06 00:00:00,-2.7,0,0,0,0,0,0,100
2026-02-06 01:00:00,-3,0,0,0,0,0,0,100
2026-02-06 02:00:00,-3.4,0,0,0,0,0,0,100
2026-02-06 03:00:00,-3.8,0,0,0,0,0,0,100
2026-02-06 04:00:00,-4.2,0,0,0,0,0,0,100
2026-02-06 05:00:00,-4.6,0,0,0,0,0,0,100
2026-02-06 06:00:00,-5,0,0,0,0,0,0,100
2026-02-06 07:00:00,-5.3,35,5,30,40.4,35,0,67
2026-02-06 08:00:00,-5.3,158,51,107,195.8,158,0,73
2026-02-06 09:00:00,-5,280,106,174,256.8,280,3600,77
2026-02-06 10:00:00,-4.4,341.99999999999994,118.99999999999999,223.00000000000003,226.2,341.99999999999994,3600,88
2026-02-06 11:00:00,-4.1,370,116,253.99999999999997,195.8,370,3600,100
2026-02-06 12:00:00,-4,368,95,273,156.4,368,3600,100
2026-02-06 13:00:00,-4.2,351,93,258,163.1,351,2892.38,99
2026-02-06 14:00:00,-4.6,273,52,221,107.7,273,3094.38,100
2026-02-06 15:00:00,-5,166,14,152,39.8,166,1430.43,100
2026-02-06 16:00:00,-5.6,62.99999999999999,0,63,0,62.99999999999999,0,100
2026-02-06 17:00:00,-6.2,5,0,5,0,5,0,100
2026-02-06 18:00:00,-6.4,0,0,0,0,0,0,100
2026-02-06 19:00:00,-6.6,0,0,0,0,0,0,100
2026-02-06 20:00:00,-6.8,0,0,0,0,0,0,98
2026-02-06 21:00:00,-7,0,0,0,0,0,0,99
2026-02-06 22:00:00,-7,0,0,0,0,0,0,99
2026-02-06 23:00:00,-6.9,0,0,0,0,0,0,100
2026-02-07 00:00:00,-6.8,0,0,0,0,0,0,100
2026-02-07 01:00:00,-6.7,0,0,0,0,0,0,91
2026-02-07 02:00:00,-7.2,0,0,0,0,0,0,87
2026-02-07 03:00:00,-7.3,0,0,0,0,0,0,75
2026-02-07 04:00:00,-7.7,0,0,0,0,0,0,0
2026-02-07 05:00:00,-8.1,0,0,0,0,0,0,0
2026-02-07 06:00:00,-8.4,0,0,0,0,0,0,0
2026-02-07 07:00:00,-8.6,51,20,31,159.5,51,0,0
2026-02-07 08:00:00,-8.1,221,139,82,526.3,221,1659.47,0
2026-02-07 09:00:00,-6.7,398,291,107,698.5,398,3600,0
2026-02-07 10:00:00,-5.1,537,413.99999999999994,123,781.1000000000001,537,3600,0
2026-02-07 11:00:00,-3.7,599,414,185,694,599,3600,22
2026-02-07 12:00:00,-2.5,621,449.00000000000006,172,734.1,621,3600,35
2026-02-07 13:00:00,-1.7,588,442,146,769.5999999999999,588,3600,25
2026-02-07 14:00:00,-0.9,485,373,112,765.7,485,3600,13
2026-02-07 15:00:00,-0.6,324,228,96,640.5,324,3600,22
2026-02-07 16:00:00,-0.9,133,66,67,347.7,133,3600,5
2026-02-07 17:00:00,-1.5,10,1,9,11.7,10,3600,63
2026-02-07 18:00:00,-2.4,0,0,0,0,0,0,27
2026-02-07 19:00:00,-3.3,0,0,0,0,0,0,0
2026-02-07 20:00:00,-4.4,0,0,0,0,0,0,0
2026-02-07 21:00:00,-5.1,0,0,0,0,0,0,0
2026-02-07 22:00:00,-5.7,0,0,0,0,0,0,0
2026-02-07 23:00:00,-6.2,0,0,0,0,0,0,0
2026-02-08 00:00:00,-6.5,0,0,0,0,0,0,0
2026-02-08 01:00:00,-6.8,0,0,0,0,0,0,0
2026-02-08 02:00:00,-6.9,0,0,0,0,0,0,0
2026-02-08 03:00:00,-7,0,0,0,0,0,0,0
2026-02-08 04:00:00,-7.2,0,0,0,0,0,0,0
2026-02-08 05:00:00,-7.4,0,0,0,0,0,0,0
2026-02-08 06:00:00,-7.5,0,0,0,0,0,0,0
2026-02-08 07:00:00,-7.7,54,21,33,165.1,54,0,0
2026-02-08 08:00:00,-6.8,226,142,84,530.4,226,1807.64,0
2026-02-08 09:00:00,-5.3,404.00000000000006,293,111,696.8,404.00000000000006,3600,0
2026-02-08 10:00:00,-3.1,544,420,124,786.3999999999999,544,3600,0
2026-02-08 11:00:00,-0.9,629.0000000000001,501,128,833.8999999999999,629.0000000000001,3600,0
2026-02-08 12:00:00,1,649,523,126,849.0999999999999,649,3600,0
2026-02-08 13:00:00,2.3,602,482,120,833,602,3600,0
2026-02-08 14:00:00,3,491.00000000000006,382,109,777.5,491.00000000000006,3600,0
2026-02-08 15:00:00,3.5,330,238,92,661.1,330,3600,0
2026-02-08 16:00:00,3.5,144,82.99999999999999,61.00000000000001,428.6,144,3600,0
2026-02-08 17:00:00,3.1,12,3,9,34.4,12,3600,0
2026-02-08 18:00:00,1.6,0,0,0,0,0,0,0
2026-02-08 19:00:00,-0.1,0,0,0,0,0,0,0
2026-02-08 20:00:00,-0.8,0,0,0,0,0,0,0
2026-02-08 21:00:00,-1.3,0,0,0,0,0,0,0
2026-02-08 22:00:00,-1.7,0,0,0,0,0,0,0
2026-02-08 23:00:00,-2,0,0,0,0,0,0,0
2026-02-09 00:00:00,-2.1,0,0,0,0,0,0,0
2026-02-09 01:00:00,-2.4,0,0,0,0,0,0,0
2026-02-09 02:00:00,-2.3,0,0,0,0,0,0,0
2026-02-09 03:00:00,-2.4,0,0,0,0,0,0,0
2026-02-09 04:00:00,-2.4,0,0,0,0,0,0,0
2026-02-09 05:00:00,-2.5,0,0,0,0,0,0,0
2026-02-09 06:00:00,-2.5,0,0,0,0,0,0,0
2026-02-09 07:00:00,-2.7,53,17,36,131.8,53,0,6
2026-02-09 08:00:00,-1.8,211,110,101,405.3,211,1272.15,60
2026-02-09 09:00:00,0.1,369,210,159,494.80000000000007,369,3600,68
2026-02-09 10:00:00,2.9,505,315,190,585.2,505,3600,80
2026-02-09 11:00:00,5.2,587,381,206,629.7,587,3600,94
2026-02-09 12:00:00,6.9,610,413,197,665.8,610,3600,100
2026-02-09 13:00:00,7.9,575,402,173,689.6,575,3600,93
2026-02-09 14:00:00,8.9,383,141,242,284.5,383,3600,99
2026-02-09 15:00:00,8.6,218,39,179,107.1,218,3600,100
2026-02-09 16:00:00,7.8,87,6,81,30.4,87,1413.79,100
2026-02-09 17:00:00,7,7,0,7,0,7,0,100
2026-02-09 18:00:00,5.9,0,0,0,0,0,0,100
2026-02-09 19:00:00,5,0,0,0,0,0,0,100
2026-02-09 20:00:00,4.3,0,0,0,0,0,0,100
2026-02-09 21:00:00,3.7,0,0,0,0,0,0,100
2026-02-09 22:00:00,3.2,0,0,0,0,0,0,100
2026-02-09 23:00:00,2.8,0,0,0,0,0,0,100
2026-02-10 00:00:00,2.6,0,0,0,0,0,0,100
2026-02-10 01:00:00,2.3,0,0,0,0,0,0,100
2026-02-10 02:00:00,2.4,0,0,0,0,0,0,98
2026-02-10 03:00:00,2.2,0,0,0,0,0,0,94
2026-02-10 04:00:00,2,0,0,0,0,0,0,79
2026-02-10 05:00:00,1.6,0,0,0,0,0,0,76
2026-02-10 06:00:00,1.2,0,0,0,0,0,0,74
2026-02-10 07:00:00,0.9,37,5,32,38.2,37,0,72
2026-02-10 08:00:00,1.7,145,43,102,156.3,145,0,82
2026-02-10 09:00:00,3.1,204.00000000000003,74,130,172.70000000000002,204.00000000000003,2889.15,86
2026-02-10 10:00:00,4.5,302,127,175,234.09999999999997,302,3382.06,79
2026-02-10 11:00:00,5.9,413.00000000000006,199,214,326.6,413.00000000000006,3600,72
2026-02-10 12:00:00,7.1,407,197,210,315.4,407,3600,77
2026-02-10 13:00:00,7.8,377,169,208,287.8,377,3600,86
2026-02-10 14:00:00,7.3,345,162,183,324.2,345,3600,80
2026-02-10 15:00:00,7.7,255,120,135,326.00000000000006,255,3600,78
2026-02-10 16:00:00,7.6,118,27,91,134.2,118,3600,100
2026-02-10 17:00:00,7.3,12,0,12,0,12,2224.58,100
2026-02-10 18:00:00,6.5,0,0,0,0,0,0,100
2026-02-10 19:00:00,5.8,0,0,0,0,0,0,100
2026-02-10 20:00:00,5,0,0,0,0,0,0,33
2026-02-10 21:00:00,4.3,0,0,0,0,0,0,18
2026-02-10 22:00:00,3.8,0,0,0,0,0,0,32
2026-02-10 23:00:00,2.4,0,0,0,0,0,0,15
2026-02-11 00:00:00,1.4,0,0,0,0,0,0,0
2026-02-11 01:00:00,0.8,0,0,0,0,0,0,0
2026-02-11 02:00:00,0.4,0,0,0,0,0,0,0
2026-02-11 03:00:00,0.1,0,0,0,0,0,0,0
2026-02-11 04:00:00,-0.3,0,0,0,0,0,0,0
2026-02-11 05:00:00,-0.6,0,0,0,0,0,0,0
2026-02-11 06:00:00,-0.9,0,0,0,0,0,0,0
2026-02-11 07:00:00,-1,59,23,36,173.4,59,0,0
2026-02-11 08:00:00,-0.7,229,141,88,505.6,229,2129.19,0
2026-02-11 09:00:00,0.5,405,290,115,670.7,405,3600,0
2026-02-11 10:00:00,3.1,546,418.00000000000006,128,764.8,546,3600,0
2026-02-11 11:00:00,5.5,632,500,132,814.9000000000001,632,3600,0
2026-02-11 12:00:00,7.5,654,524,130,833.2,654,3600,0
2026-02-11 13:00:00,9.2,608,485,123,819.9,608,3600,0
2026-02-11 14:00:00,10.7,503,392,111,777.9,503,3600,0
2026-02-11 15:00:00,11,342,249,93,669.2,342,3600,0
2026-02-11 16:00:00,10.9,155,92,63,448.7,155,3600,0
2026-02-11 17:00:00,10.6,16,5,11,53.9,16,3600,0
2026-02-11 18:00:00,8.7,0,0,0,0,0,0,0
2026-02-11 19:00:00,7,0,0,0,0,0,0,0
2026-02-11 20:00:00,6.2,0,0,0,0,0,0,0
2026-02-11 21:00:00,5.4,0,0,0,0,0,0,0
2026-02-11 22:00:00,4.7,0,0,0,0,0,0,0
2026-02-11 23:00:00,4.1,0,0,0,0,0,0,0
2026-02-12 00:00:00,3.5,0,0,0,0,0,0,0
2026-02-12 01:00:00,3,0,0,0,0,0,0,0
2026-02-12 02:00:00,2.3,0,0,0,0,0,0,0
2026-02-12 03:00:00,2.1,0,0,0,0,0,0,0
2026-02-12 04:00:00,1.6,0,0,0,0,0,0,0
2026-02-12 05:00:00,1.3,0,0,0,0,0,0,0
2026-02-12 06:00:00,1,0,0,0,0,0,0,0
2026-02-12 07:00:00,0.9,60,23,37,170.9,60,0,0
2026-02-12 08:00:00,2.1,232.99999999999997,145,88,512.8,232.99999999999997,2143.85,0
2026-02-12 09:00:00,4.9,412.00000000000006,300,112.00000000000001,687.3,412.00000000000006,3600,0
2026-02-12 10:00:00,8.5,556,433.99999999999994,122.00000000000001,787.9,556,3600,0
2026-02-12 11:00:00,11.6,642,518,123.99999999999999,838.2,642,3600,0
2026-02-12 12:00:00,13.8,661.9999999999999,540,122,852.7,661.9999999999999,3600,0
2026-02-12 13:00:00,15,613,497,116,834.1,613,3600,0
2026-02-12 14:00:00,15.5,501,396,105,779.3,501,3600,0
2026-02-12 15:00:00,15.8,341,252,89,670,341,3600,0
2026-02-12 16:00:00,15.4,156,94.99999999999999,61,454.9,156,3600,0
2026-02-12 17:00:00,14.5,16,5,11,52.9,16,3600,0
2026-02-12 18:00:00,12.3,0,0,0,0,0,0,0
2026-02-12 19:00:00,10.3,0,0,0,0,0,0,0
2026-02-12 20:00:00,9.1,0,0,0,0,0,0,0
2026-02-12 21:00:00,8.1,0,0,0,0,0,0,0
2026-02-12 22:00:00,7.4,0,0,0,0,0,0,0
2026-02-12 23:00:00,6.7,0,0,0,0,0,0,0
2026-02-13 00:00:00,6,0,0,0,0,0,0,34
2026-02-13 01:00:00,5.5,0,0,0,0,0,0,100
2026-02-13 02:00:00,5,0,0,0,0,0,0,100
2026-02-13 03:00:00,4.5,0,0,0,0,0,0,96
2026-02-13 04:00:00,3.9,0,0,0,0,0,0,83
2026-02-13 05:00:00,3.1,0,0,0,0,0,0,5
2026-02-13 06:00:00,2.1,0,0,0,0,0,0,0
2026-02-13 07:00:00,1.5,63,25,38,183.1,63,0,4
2026-02-13 08:00:00,1.7,237,150,87,523.2,237,2386.8,0
2026-02-13 09:00:00,5,406,286,120,649,406,3600,6
2026-02-13 10:00:00,9.3,492.00000000000006,286,206,515.2,492.00000000000006,3600,95
2026-02-13 11:00:00,12.8,540,279,261,448.3,540,3600,100
2026-02-13 12:00:00,14.7,588,357,231,559.8,588,3600,82
2026-02-13 13:00:00,15.8,530,296,233.99999999999997,493.2,530,3600,84
2026-02-13 14:00:00,16.9,393,158,235,308.4,393,3600,100
2026-02-13 15:00:00,17,231,47,184,123.6,231,3600,100
2026-02-13 16:00:00,16.8,111,14,97,65.8,111,1908.95,100
2026-02-13 17:00:00,16.2,15,1,13.999999999999998,10.4,15,175.18,100
2026-02-13 18:00:00,13.7,0,0,0,0,0,0,100
2026-02-13 19:00:00,11.9,0,0,0,0,0,0,100
2026-02-13 20:00:00,10.8,0,0,0,0,0,0,100
2026-02-13 21:00:00,9.7,0,0,0,0,0,0,100
2026-02-13 22:00:00,8.8,0,0,0,0,0,0,80
2026-02-13 23:00:00,8,0,0,0,0,0,0,28
2026-02-14 00:00:00,7.4,0,0,0,0,0,0,0
2026-02-14 01:00:00,6.8,0,0,0,0,0,0,0
2026-02-14 02:00:00,6,0,0,0,0,0,0,0
2026-02-14 03:00:00,5.5,0,0,0,0,0,0,0
2026-02-14 04:00:00,5,0,0,0,0,0,0,0
2026-02-14 05:00:00,4.6,0,0,0,0,0,0,0
2026-02-14 06:00:00,4.1,0,0,0,0,0,0,0
2026-02-14 07:00:00,3.5,64,25,39,180.5,64,0,0
2026-02-14 08:00:00,4.5,237.00000000000003,147,90,505.5,237.00000000000003,2455.96,0
2026-02-14 09:00:00,7.7,413.00000000000006,297,116,667.5,413.00000000000006,3600,0
2026-02-14 10:00:00,11.7,553,427,126.00000000000001,763.1,553,3600,0
2026-02-14 11:00:00,15.2,640,512,128,816.8,640,3600,0
2026-02-14 12:00:00,17.7,661.9999999999999,537,125,836.2,661.9999999999999,3600,0
2026-02-14 13:00:00,19.2,617,498,119,823.7,617,3600,0
2026-02-14 14:00:00,20.2,507,399,108,772.3,507,3600,0
2026-02-14 15:00:00,20.5,348,256,92,666.3,348,3600,0
2026-02-14 16:00:00,20.4,161,98,63,452.79999999999995,161,3600,0
2026-02-14 17:00:00,19.8,19,6,13,61.1,19,3600,0
2026-02-14 18:00:00,16.8,0,0,0,0,0,8.48,0
2026-02-14 19:00:00,14.6,0,0,0,0,0,0,0
2026-02-14 20:00:00,12.7,0,0,0,0,0,0,0
2026-02-14 21:00:00,11.1,0,0,0,0,0,0,0
2026-02-14 22:00:00,8.4,0,0,0,0,0,0,0
2026-02-14 23:00:00,6.3,0,0,0,0,0,0,0
2026-02-15 00:00:00,5.2,0,0,0,0,0,0,0
2026-02-15 01:00:00,4.5,0,0,0,0,0,0,0
2026-02-15 02:00:00,4.6,0,0,0,0,0,0,24
2026-02-15 03:00:00,4.1,0,0,0,0,0,0,68
2026-02-15 04:00:00,3.9,0,0,0,0,0,0,82
2026-02-15 05:00:00,3.7,0,0,0,0,0,0,83
2026-02-15 06:00:00,3.1,0,0,0,0,0,0,100
2026-02-15 07:00:00,3.2,60,16,44,113.8,60,0,79
2026-02-15 08:00:00,3.7,235,137,98,464.5,235,1132.82,16
2026-02-15 09:00:00,4.2,406,282,123.99999999999999,627.7,406,3600,26
2026-02-15 10:00:00,5,546,409,137,725.1,546,3600,26
2026-02-15 11:00:00,5.4,634,491,143,777.6,634,3600,8
2026-02-15 12:00:00,5.3,619,436,183,674.2,619,3600,30
2026-02-15 13:00:00,5,526,291,235,477.8,526,3600,73
2026-02-15 14:00:00,4.2,356,133,223,255.29999999999998,356,3600,86
2026-02-15 15:00:00,3.4,247,96,151,247.2,247,3600,83
2026-02-15 16:00:00,2.8,105,13,92,59,105,3600,100
2026-02-15 17:00:00,2,12,0,12,0,12,0,100
2026-02-15 18:00:00,1.4,0,0,0,0,0,0,100
2026-02-15 19:00:00,1.2,0,0,0,0,0,0,100
2026-02-15 20:00:00,1.1,0,0,0,0,0,0,100
2026-02-15 21:00:00,1.1,0,0,0,0,0,0,100
2026-02-15 22:00:00,1.1,0,0,0,0,0,0,100
2026-02-15 23:00:00,0.7,0,0,0,0,0,0,100
2026-02-16 00:00:00,0.5,0,0,0,0,0,0,100
2026-02-16 01:00:00,0.2,0,0,0,0,0,0,100
2026-02-16 02:00:00,-0.2,0,0,0,0,0,0,100
2026-02-16 03:00:00,-0.7,0,0,0,0,0,0,73
2026-02-16 04:00:00,-1.3,0,0,0,0,0,0,48
2026-02-16 05:00:00,-1.9,0,0,0,0,0,0,14
2026-02-16 06:00:00,-2.3,0,0,0,0,0,0,0
2026-02-16 07:00:00,-2.7,71,29,42,203.2,71,0,0
2026-02-16 08:00:00,-1.9,251,158,93,528.1,251,2598.97,100
2026-02-16 09:00:00,0.1,424,292,132,643.6,424,3600,49
2026-02-16 10:00:00,2.6,557,389,168.00000000000003,684.1999999999999,557,3600,85
2026-02-16 11:00:00,4.1,638,451,187,709.0999999999999,638,3600,81
2026-02-16 12:00:00,5,623,392,231.00000000000003,601.9,623,3600,100
2026-02-16 13:00:00,5.5,525,242,283,394.5,525,3600,100
2026-02-16 14:00:00,5.9,420,176,244,335.1,420,3600,100
2026-02-16 15:00:00,5.8,247.00000000000003,53,194,135.1,247.00000000000003,3600,100
2026-02-16 16:00:00,5.5,108,9,98.99999999999999,40.2,108,2252.44,100
2026-02-16 17:00:00,5.2,16,0,16,0,16,0,100
2026-02-16 18:00:00,4.4,0,0,0,0,0,0,100
2026-02-16 19:00:00,2.8,0,0,0,0,0,0,32
2026-02-16 20:00:00,1.4,0,0,0,0,0,0,31
2026-02-16 21:00:00,0.5,0,0,0,0,0,0,37
2026-02-16 22:00:00,-0.2,0,0,0,0,0,0,36
2026-02-16 23:00:00,-0.5,0,0,0,0,0,0,41
2026-02-17 00:00:00,-0.8,0,0,0,0,0,0,36
2026-02-17 01:00:00,-1.3,0,0,0,0,0,0,35
2026-02-17 02:00:00,-1.5,0,0,0,0,0,0,38
2026-02-17 03:00:00,-1.9,0,0,0,0,0,0,32
2026-02-17 04:00:00,-2.3,0,0,0,0,0,0,47
2026-02-17 05:00:00,-2.5,0,0,0,0,0,0,42
2026-02-17 06:00:00,-2.8,0,0,0,0,0,0,37
2026-02-17 07:00:00,-3.2,75,30,45,207.1,75,0,29
2026-02-17 08:00:00,-2.9,259,164,95,540.3,259,2672.59,0
2026-02-17 09:00:00,0.1,438,309,129,674.4,438,3600,0
2026-02-17 10:00:00,3.9,539,329,210,574,539,3600,82
2026-02-17 11:00:00,6.3,513,197,316,307.5,513,3600,100
2026-02-17 12:00:00,7.4,452,110,342,167.7,452,3600,100
2026-02-17 13:00:00,8.1,476.99999999999994,207.00000000000003,270,335,476.99999999999994,3231.39,100
2026-02-17 14:00:00,9.9,388,128,260,241.7,388,3600,99
2026-02-17 15:00:00,10,288,97,191,244.7,288,3600,100
2026-02-17 16:00:00,10.1,174,97,77,425.6,174,3600,92
2026-02-17 17:00:00,9.7,24,8,16,77.1,24,3600,0
2026-02-17 18:00:00,7.7,0,0,0,0,0,161.79,0
2026-02-17 19:00:00,5.8,0,0,0,0,0,0,0
2026-02-17 20:00:00,4.9,0,0,0,0,0,0,0
2026-02-17 21:00:00,3.9,0,0,0,0,0,0,0
2026-02-17 22:00:00,3,0,0,0,0,0,0,0
2026-02-17 23:00:00,2.2,0,0,0,0,0,0,0
2026-02-18 00:00:00,1.4,0,0,0,0,0,0,0
2026-02-18 01:00:00,0.9,0,0,0,0,0,0,0
2026-02-18 02:00:00,1.5,0,0,0,0,0,0,0
2026-02-18 03:00:00,1.3,0,0,0,0,0,0,0
2026-02-18 04:00:00,1.1,0,0,0,0,0,0,0
2026-02-18 05:00:00,0.9,0,0,0,0,0,0,0
2026-02-18 06:00:00,0.7,1,0,1,0,1,0,0
2026-02-18 07:00:00,-0.2,76,30,46,204,76,0,0
2026-02-18 08:00:00,1.1,255,158,97,513.1,255,2747.47,0
2026-02-18 09:00:00,3.1,433,311,122,672,433,3600,0
2026-02-18 10:00:00,5.4,574,439.99999999999994,134,761.5,574,3600,0
2026-02-18 11:00:00,7.6,658,520,138,805.9,658,3600,0
2026-02-18 12:00:00,9.1,677,541,136,819.1,677,3600,0
2026-02-18 13:00:00,10,630,501,129,804.9,630,3600,0
2026-02-18 14:00:00,10.5,522,404,118,756.8,522,3600,0
2026-02-18 15:00:00,10.5,362,261,101,651.7,362,3600,0
2026-02-18 16:00:00,10.3,174,103,71,444.5,174,3600,0
2026-02-18 17:00:00,9.9,24,6.999999999999999,17,66.3,24,3600,0
2026-02-18 18:00:00,8.4,0,0,0,0,0,62.69,0
2026-02-18 19:00:00,6.5,0,0,0,0,0,0,0
2026-02-18 20:00:00,4.8,0,0,0,0,0,0,0
2026-02-18 21:00:00,4.2,0,0,0,0,0,0,0
2026-02-18 22:00:00,3.3,0,0,0,0,0,0,0
2026-02-18 23:00:00,2.9,0,0,0,0,0,0,0
2026-02-19 00:00:00,2.6,0,0,0,0,0,0,0
2026-02-19 01:00:00,2.3,0,0,0,0,0,0,0
2026-02-19 02:00:00,2.2,0,0,0,0,0,0,0
2026-02-19 03:00:00,1.9,0,0,0,0,0,0,0
2026-02-19 04:00:00,1.7,0,0,0,0,0,0,0
2026-02-19 05:00:00,1.4,0,0,0,0,0,0,0
2026-02-19 06:00:00,1.2,1,0,1,0,1,0,23
2026-02-19 07:00:00,1.2,76,27,49,180.9,76,0,33
2026-02-19 08:00:00,3.2,250,146,104,467.4,250,2823.51,37
2026-02-19 09:00:00,6.5,446,326,120,697.5,446,3600,11
2026-02-19 10:00:00,10.6,592,465.99999999999994,126,800,592,3600,0
2026-02-19 11:00:00,14.2,679,553,126,850.7999999999998,679,3600,0
2026-02-19 12:00:00,16.5,700,578,122,869,700,3600,0
2026-02-19 13:00:00,17.5,651,534,117,851.7,651,3600,0
2026-02-19 14:00:00,17.2,538,430,108,799.1,538,3600,0
2026-02-19 15:00:00,17,374,281,93,694.5,374,3600,0
2026-02-19 16:00:00,16.3,183,116,67,492.50000000000006,183,3600,0
2026-02-19 17:00:00,15.4,26,9,17,83.7,26,3600,0
2026-02-19 18:00:00,13.3,0,0,0,0,0,250.36,0
2026-02-19 19:00:00,11.3,0,0,0,0,0,0,0
2026-02-19 20:00:00,10.1,0,0,0,0,0,0,0
2026-02-19 21:00:00,9.1,0,0,0,0,0,0,0
2026-02-19 22:00:00,8.2,0,0,0,0,0,0,0
2026-02-19 23:00:00,7.2,0,0,0,0,0,0,0
2026-02-20 00:00:00,6.3,0,0,0,0,0,0,0
2026-02-20 01:00:00,5.7,0,0,0,0,0,0,0
2026-02-20 02:00:00,6,0,0,0,0,0,0,0
2026-02-20 03:00:00,5.7,0,0,0,0,0,0,0
2026-02-20 04:00:00,5.6,0,0,0,0,0,0,0
2026-02-20 05:00:00,5.8,0,0,0,0,0,0,0
2026-02-20 06:00:00,6,1,0,1,0,1,0,0
2026-02-20 07:00:00,6.2,85,38,47,250.7,85,0,0
2026-02-20 08:00:00,7.8,275,182,93,574.3,275,2900.58,0
2026-02-20 09:00:00,11.4,462,348,114,737.2,462,3600,0
2026-02-20 10:00:00,14.8,604,481,123,819.1,604,3600,0
2026-02-20 11:00:00,17,688,563,125,859.9,688,3600,0
2026-02-20 12:00:00,18.9,705,582,123,868.8999999999999,705,3600,0
2026-02-20 13:00:00,20.1,653,535,118,847.2,653,3600,0
2026-02-20 14:00:00,20.9,541,435,106,802,541,3600,0
2026-02-20 15:00:00,21.1,378,287,91,702.3,378,3600,0
2026-02-20 16:00:00,20.8,186,120,66,501.4,186,3600,0
2026-02-20 17:00:00,20.1,27.999999999999996,10,18,91.4,27.999999999999996,3600,0
2026-02-20 18:00:00,18.1,0,0,0,0,0,348.79,0
2026-02-20 19:00:00,15.8,0,0,0,0,0,0,0
2026-02-20 20:00:00,14.5,0,0,0,0,0,0,0
2026-02-20 21:00:00,13.5,0,0,0,0,0,0,0
2026-02-20 22:00:00,12.6,0,0,0,0,0,0,0
2026-02-20 23:00:00,11.8,0,0,0,0,0,0,0
2026-02-21 00:00:00,11.3,0,0,0,0,0,0,0
2026-02-21 01:00:00,10.9,0,0,0,0,0,0,0
2026-02-21 02:00:00,10.9,0,0,0,0,0,0,0
2026-02-21 03:00:00,10.6,0,0,0,0,0,0,0
2026-02-21 04:00:00,10.2,0,0,0,0,0,0,0
2026-02-21 05:00:00,9.8,0,0,0,0,0,0,0
2026-02-21 06:00:00,9.2,1,0,1,0,1,0,0
2026-02-21 07:00:00,9,82,32,50,208,82,0,3
2026-02-21 08:00:00,10.8,233.99999999999997,100,134,311,233.99999999999997,2978.61,99
2026-02-21 09:00:00,13.6,408,238.00000000000003,170,499.19999999999993,408,3600,100
2026-02-21 10:00:00,17.2,587,447.99999999999994,139,756.7,587,3600,68
2026-02-21 11:00:00,20.4,680,553,127,838.6,680,3600,2
2026-02-21 12:00:00,23.2,700,573,127,849.5999999999999,700,3600,0
2026-02-21 13:00:00,25,621,450,171,707.6,621,3600,90
2026-02-21 14:00:00,25.1,534,421,113,769.9999999999999,534,3600,38
2026-02-21 15:00:00,25.8,368,262,106,634.8,368,3600,2
2026-02-21 16:00:00,25.7,183,107.00000000000001,76,440.1,183,3600,92
2026-02-21 17:00:00,24.6,30,11,19,98.9,30,3600,0
2026-02-21 18:00:00,22.1,0,0,0,0,0,452.42,0
2026-02-21 19:00:00,19.7,0,0,0,0,0,0,100
2026-02-21 20:00:00,18.7,0,0,0,0,0,0,100
2026-02-21 21:00:00,18.1,0,0,0,0,0,0,100
2026-02-21 22:00:00,16.9,0,0,0,0,0,0,100
2026-02-21 23:00:00,16,0,0,0,0,0,0,0
2026-02-22 00:00:00,16.8,0,0,0,0,0,0,0
2026-02-22 01:00:00,15.6,0,0,0,0,0,0,0
2026-02-22 02:00:00,12.3,0,0,0,0,0,0,0
2026-02-22 03:00:00,10.6,0,0,0,0,0,0,0
2026-02-22 04:00:00,9.3,0,0,0,0,0,0,0
2026-02-22 05:00:00,7.8,0,0,0,0,0,0,0
2026-02-22 06:00:00,6.4,2,0,2,0,2,0,0
2026-02-22 07:00:00,5.4,95,46,49,294.5,95,0,0
2026-02-22 08:00:00,5.4,290,198,92.00000000000001,607.1,290,3057.45,0
2026-02-22 09:00:00,6.5,476,363,113.00000000000001,753.9,476,3600,0
2026-02-22 10:00:00,7.5,620,494.99999999999994,125,829.4,620,3600,0
2026-02-22 11:00:00,8.6,705,576,129,867.2,705,3600,0
2026-02-22 12:00:00,9.6,723,596,127,877.6,723,3600,0
2026-02-22 13:00:00,10.2,672,552,120,861.8,672,3600,0
2026-02-22 14:00:00,9.7,558,446,112,809.4,558,3600,0
2026-02-22 15:00:00,10.1,392,295,97,707.8,392,3600,0
2026-02-22 16:00:00,9.8,197,126,71,510.3,197,3600,0
2026-02-22 17:00:00,9,31,11,20,97.3,31,3600,1
2026-02-22 18:00:00,6.3,0,0,0,0,0,453.45,14
2026-02-22 19:00:00,4.6,0,0,0,0,0,0,29
2026-02-22 20:00:00,2.8,0,0,0,0,0,0,0
2026-02-22 21:00:00,2.3,0,0,0,0,0,0,0
2026-02-22 22:00:00,1.9,0,0,0,0,0,0,0
2026-02-22 23:00:00,1.6,0,0,0,0,0,0,6
2026-02-23 00:00:00,1.4,0,0,0,0,0,0,95
2026-02-23 01:00:00,1.4,0,0,0,0,0,0,100
2026-02-23 02:00:00,1.1,0,0,0,0,0,0,77
2026-02-23 03:00:00,0.9,0,0,0,0,0,0,58
2026-02-23 04:00:00,0.7,0,0,0,0,0,0,48
2026-02-23 05:00:00,0.5,0,0,0,0,0,0,40
2026-02-23 06:00:00,0.4,1,0,1,0,1,0,100
2026-02-23 07:00:00,0.7,62,9,53,56.8,62,0,89
2026-02-23 08:00:00,1.4,161,21,140,63.5,161,0,100
2026-02-23 09:00:00,2.8,233.00000000000003,33,200,67.9,233.00000000000003,104.38,100
2026-02-23 10:00:00,4.2,232,11,221,18.3,232,235.88,100
2026-02-23 11:00:00,5.3,194,1,193,1.5,194,0,100
2026-02-23 12:00:00,5.9,194.99999999999997,1,194.00000000000003,1.5,194.99999999999997,0,100
2026-02-23 13:00:00,6.5,173,4,169,6.2,173,0,100
2026-02-23 14:00:00,6.9,191,11,180,19.8,191,0,100
2026-02-23 15:00:00,7.7,109,3,106,7.1,109,0,100
2026-02-23 16:00:00,7.8,58,0,58,0,58,0,100
2026-02-23 17:00:00,7.4,12,0,12,0,12,0,100
2026-02-23 18:00:00,6.6,0,0,0,0,0,0,100
2026-02-23 19:00:00,5.9,0,0,0,0,0,0,100
2026-02-23 20:00:00,5.1,0,0,0,0,0,0,100
2026-02-23 21:00:00,4.8,0,0,0,0,0,0,100
2026-02-23 22:00:00,4.5,0,0,0,0,0,0,100
2026-02-23 23:00:00,4.3,0,0,0,0,0,0,100
2026-02-24 00:00:00,4.2,0,0,0,0,0,0,100
2026-02-24 01:00:00,4.2,0,0,0,0,0,0,100
2026-02-24 02:00:00,4.2,0,0,0,0,0,0,100
2026-02-24 03:00:00,3.7,0,0,0,0,0,0,100
2026-02-24 04:00:00,3.4,0,0,0,0,0,0,100
2026-02-24 05:00:00,3.2,0,0,0,0,0,0,100
2026-02-24 06:00:00,3.1,2,0,2,0,2,0,100
2026-02-24 07:00:00,2.9,87,28,59,174,87,0,97
2026-02-24 08:00:00,3.6,272,160,112,476.90000000000003,272,3056.52,24
2026-02-24 09:00:00,4.9,441,288,153,586.5,441,3600,32
2026-02-24 10:00:00,6.4,565,370.00000000000006,194.99999999999997,610.1,565,3600,37
2026-02-24 11:00:00,7.7,652,451,201,669.4000000000001,652,3600,44
2026-02-24 12:00:00,8.8,665,459,206,666.7,665,3600,32
2026-02-24 13:00:00,9.7,627,433,194,666.7,627,3600,31
2026-02-24 14:00:00,10.5,521,351,170,627.3,521,3600,33
2026-02-24 15:00:00,10.7,363,224,139,527.3,363,3600,35
2026-02-24 16:00:00,10.5,187,102.00000000000001,85,400.8,187,3600,35
2026-02-24 17:00:00,9.9,33,11,22,94.3,33,3600,9
2026-02-24 18:00:00,8.7,0,0,0,0,0,452.22,11
2026-02-24 19:00:00,7.6,0,0,0,0,0,0,0
2026-02-24 20:00:00,6.7,0,0,0,0,0,0,16
2026-02-24 21:00:00,5.9,0,0,0,0,0,0,0
2026-02-24 22:00:00,5,0,0,0,0,0,0,0
2026-02-24 23:00:00,4.2,0,0,0,0,0,0,0
2026-02-25 00:00:00,3.6,0,0,0,0,0,0,0
2026-02-25 01:00:00,3.1,0,0,0,0,0,0,0
2026-02-25 02:00:00,2.9,0,0,0,0,0,0,0
2026-02-25 03:00:00,2.6,0,0,0,0,0,0,0
2026-02-25 04:00:00,2.4,0,0,0,0,0,0,34
2026-02-25 05:00:00,2.3,0,0,0,0,0,0,44
2026-02-25 06:00:00,2.4,3,0,3,0,3,0,45
2026-02-25 07:00:00,2.5,83,22,61,134.7,83,0,46
2026-02-25 08:00:00,3.8,226,93,133,273.3,226,2053.37,58
2026-02-25 09:00:00,5.5,368,175,193,352.9,368,3600,56
2026-02-25 10:00:00,7,510,268,241.99999999999997,438.3999999999999,510,3600,68
2026-02-25 11:00:00,8.3,557,296,261,436.2,557,3600,63
2026-02-25 12:00:00,9.4,607,339,268,489.1,607,3600,64
2026-02-25 13:00:00,10.4,628,422,206,645.3,628,3600,37
2026-02-25 14:00:00,11.5,543,402,141,712.9999999999999,543,3600,7
2026-02-25 15:00:00,11.9,385,277,108,645.9,385,3600,0
2026-02-25 16:00:00,11.7,195,117,78,453.1,195,3600,0
2026-02-25 17:00:00,10.9,35,11,24,92.8,35,3600,0
2026-02-25 18:00:00,9.6,0,0,0,0,0,450.11,0
2026-02-25 19:00:00,8.2,0,0,0,0,0,0,0
2026-02-25 20:00:00,6.5,0,0,0,0,0,0,17
2026-02-25 21:00:00,5.1,0,0,0,0,0,0,56
2026-02-25 22:00:00,4.2,0,0,0,0,0,0,100
2026-02-25 23:00:00,3.8,0,0,0,0,0,0,100
2026-02-26 00:00:00,3.3,0,0,0,0,0,0,100
2026-02-26 01:00:00,3,0,0,0,0,0,0,100
2026-02-26 02:00:00,2.9,0,0,0,0,0,0,100
2026-02-26 03:00:00,2.9,0,0,0,0,0,0,100
2026-02-26 04:00:00,2.9,0,0,0,0,0,0,100
2026-02-26 05:00:00,2.9,0,0,0,0,0,0,100
2026-02-26 06:00:00,3,1,0,1,0,1,0,100
2026-02-26 07:00:00,3.2,23,0,23,0,23,0,100
2026-02-26 08:00:00,3.6,46.99999999999999,0,46.99999999999999,0,46.99999999999999,0,100
2026-02-26 09:00:00,4,73,0,73,0,73,0,100
2026-02-26 10:00:00,4.3,91.00000000000001,0,91.00000000000001,0,91.00000000000001,0,100
2026-02-26 11:00:00,4.7,145,7,138,10.2,145,0,100
2026-02-26 12:00:00,5,124,2,122,2.9,124,0,100
2026-02-26 13:00:00,5.2,91,1,90,1.5,91,0,100
2026-02-26 14:00:00,6.3,107.00000000000001,3,104,5.3,107.00000000000001,0,100
2026-02-26 15:00:00,6.4,113,5,108,11.6,113,0,100
2026-02-26 16:00:00,6.2,56.00000000000001,0,56.00000000000001,0,56.00000000000001,0,99
2026-02-26 17:00:00,5.7,19,0,19,0,19,0,99
2026-02-26 18:00:00,5.3,0,0,0,0,0,0,100
2026-02-26 19:00:00,4.8,0,0,0,0,0,0,100
2026-02-26 20:00:00,3.8,0,0,0,0,0,0,100
2026-02-26 21:00:00,3.2,0,0,0,0,0,0,100
2026-02-26 22:00:00,2.9,0,0,0,0,0,0,100
2026-02-26 23:00:00,2.8,0,0,0,0,0,0,89
2026-02-27 00:00:00,2.8,0,0,0,0,0,0,100
2026-02-27 01:00:00,2.8,0,0,0,0,0,0,96
2026-02-27 02:00:00,2.5,0,0,0,0,0,0,100
2026-02-27 03:00:00,2.4,0,0,0,0,0,0,94
2026-02-27 04:00:00,2.5,0,0,0,0,0,0,99
2026-02-27 05:00:00,2.6,0,0,0,0,0,0,95
2026-02-27 06:00:00,2.5,2,0,2,0,2,0,97
2026-02-27 07:00:00,2.5,38,5,33,29.7,38,0,94
2026-02-27 08:00:00,2.6,143,24,119,68.6,143,0,97
2026-02-27 09:00:00,3.3,313,109,204,215.6,313,258.21,93
2026-02-27 10:00:00,4.5,424.00000000000006,174,249.99999999999997,280.2,424.00000000000006,3600,83
2026-02-27 11:00:00,5.6,595,330,265,479.6,595,3600,76
2026-02-27 12:00:00,7.1,669,438,231,623.7,669,3600,51
2026-02-27 13:00:00,8.1,654,504,150,760.3999999999999,654,3600,23
2026-02-27 14:00:00,8.7,547,420,127,733.9,547,3600,5
2026-02-27 15:00:00,8.8,387,277,110,634.2,387,3600,0
2026-02-27 16:00:00,8.1,199,119,80,448,199,3600,0
2026-02-27 17:00:00,6.5,37,12,25,98.2,37,3600,0
2026-02-27 18:00:00,4.4,0,0,0,0,0,563.97,0
2026-02-27 19:00:00,3,0,0,0,0,0,0,0
2026-02-27 20:00:00,1.6,0,0,0,0,0,0,20
2026-02-27 21:00:00,1.1,0,0,0,0,0,0,31
2026-02-27 22:00:00,0.8,0,0,0,0,0,0,48
2026-02-27 23:00:00,0.6,0,0,0,0,0,0,67
2026-02-28 00:00:00,0.5,0,0,0,0,0,0,83
2026-02-28 01:00:00,0.4,0,0,0,0,0,0,87
2026-02-28 02:00:00,0.4,0,0,0,0,0,0,85
2026-02-28 03:00:00,0.5,0,0,0,0,0,0,91
2026-02-28 04:00:00,0.4,0,0,0,0,0,0,100
2026-02-28 05:00:00,0,0,0,0,0,0,0,100
2026-02-28 06:00:00,-0.1,2,0,2,0,2,0,100
2026-02-28 07:00:00,0.3,32,1,31,5.9,32,0,100
2026-02-28 08:00:00,0.9,110,13,97,36.7,110,0,100
2026-02-28 09:00:00,1.6,240,60,180,117.60000000000001,240,0,95
2026-02-28 10:00:00,2.8,405,131,274,209.4,405,1726.62,100
2026-02-28 11:00:00,4.4,555,225.00000000000003,330,324.8,555,3600,100
2026-02-28 12:00:00,6.5,600,278,322,393.3,600,3600,99
2026-02-28 13:00:00,8.3,574,298,276,446.6,574,3600,100
2026-02-28 14:00:00,10.4,410,157,253,272.4,410,3600,100
2026-02-28 15:00:00,11.2,225,38,187,86.2,225,3600,100
2026-02-28 16:00:00,11.5,82,2,80,7.4,82,786.78,100
2026-02-28 17:00:00,11,15.999999999999998,0,16,0,15.999999999999998,0,100
2026-02-28 18:00:00,8.7,0,0,0,0,0,0,100
2026-02-28 19:00:00,5.9,0,0,0,0,0,0,100
2026-02-28 20:00:00,4.7,0,0,0,0,0,0,100
2026-02-28 21:00:00,4.4,0,0,0,0,0,0,100
2026-02-28 22:00:00,4.3,0,0,0,0,0,0,100
2026-02-28 23:00:00,4.1,0,0,0,0,0,0,100
2026-03-01 00:00:00,3.8,0,0,0,0,0,0,100
2026-03-01 01:00:00,3.7,0,0,0,0,0,0,100
2026-03-01 02:00:00,4.1,0,0,0,0,0,0,100
2026-03-01 03:00:00,3.9,0,0,0,0,0,0,100
2026-03-01 04:00:00,3.8,0,0,0,0,0,0,100
2026-03-01 05:00:00,3.7,0,0,0,0,0,0,100
2026-03-01 06:00:00,3.7,1,0,1,0,1,0,100
2026-03-01 07:00:00,3.6,19,0,19,0,19,0,100
2026-03-01 08:00:00,3.8,51,0,51,0,51,0,100
2026-03-01 09:00:00,4.2,82,0,82,0,82,0,100
2026-03-01 10:00:00,4.6,84,0,84,0,84,0,100
2026-03-01 11:00:00,4.8,109,0,109,0,109,0,100
2026-03-01 12:00:00,5,109,0,109,0,109,0,100
2026-03-01 13:00:00,5,99,1,98,1.5,99,0,100
2026-03-01 14:00:00,4.5,86,1,85,1.7000000000000002,86,0,100
2026-03-01 15:00:00,4.6,59,0,59,0,59,0,100
2026-03-01 16:00:00,4.5,31,0,31,0,31,0,100
2026-03-01 17:00:00,4.5,5,0,5,0,5,0,100
2026-03-01 18:00:00,4.5,0,0,0,0,0,0,100
2026-03-01 19:00:00,4.6,0,0,0,0,0,0,100
2026-03-01 20:00:00,4.4,0,0,0,0,0,0,100
2026-03-01 21:00:00,4.4,0,0,0,0,0,0,100
2026-03-01 22:00:00,4.2,0,0,0,0,0,0,100
2026-03-01 23:00:00,3.9,0,0,0,0,0,0,100
2026-03-02 00:00:00,3.7,0,0,0,0,0,0,100
2026-03-02 01:00:00,3.6,0,0,0,0,0,0,100
2026-03-02 02:00:00,3.6,0,0,0,0,0,0,100
2026-03-02 03:00:00,3.2,0,0,0,0,0,0,100
2026-03-02 04:00:00,2.7,0,0,0,0,0,0,100
2026-03-02 05:00:00,1.4,0,0,0,0,0,0,100
2026-03-02 06:00:00,0.5,1,0,1,0,1,0,100
2026-03-02 07:00:00,0.2,21,0,21,0,21,0,100
2026-03-02 08:00:00,0.7,97,12,85,32.9,97,0,93
2026-03-02 09:00:00,1.5,163,13,150,25,163,0,95
2026-03-02 10:00:00,2.3,188,11,177,17.3,188,0,97
2026-03-02 11:00:00,2.7,201,25,176,35.6,201,0,100
2026-03-02 12:00:00,3.1,187,22,165,30.7,187,0,100
2026-03-02 13:00:00,3.3,145,6,139,8.9,145,0,100
2026-03-02 14:00:00,2.4,92,4,88,6.8,92,0,100
2026-03-02 15:00:00,2.2,78,3,75,6.7,78,0,100
2026-03-02 16:00:00,2,56,2,54,7.2,56,0,100
2026-03-02 17:00:00,1.8,12,0,12,0,12,0,100
2026-03-02 18:00:00,1.5,0,0,0,0,0,0,100
2026-03-02 19:00:00,1.2,0,0,0,0,0,0,100
2026-03-02 20:00:00,1.4,0,0,0,0,0,0,100
2026-03-02 21:00:00,1.4,0,0,0,0,0,0,100
2026-03-02 22:00:00,1.4,0,0,0,0,0,0,100
2026-03-02 23:00:00,1.4,0,0,0,0,0,0,100
2026-03-03 00:00:00,1.5,0,0,0,0,0,0,100
2026-03-03 01:00:00,1.5,0,0,0,0,0,0,100
2026-03-03 02:00:00,1.6,0,0,0,0,0,0,100
2026-03-03 03:00:00,1.6,0,0,0,0,0,0,100
2026-03-03 04:00:00,1.5,0,0,0,0,0,0,100
2026-03-03 05:00:00,1.4,0,0,0,0,0,0,100
2026-03-03 06:00:00,1.4,2,0,2,0,2,0,100
2026-03-03 07:00:00,1.5,42,1,41,5.5,42,0,100
2026-03-03 08:00:00,1.7,95,6,89,16.3,95,0,100
2026-03-03 09:00:00,2.1,165,13,152,24.800000000000004,165,0,100
2026-03-03 10:00:00,2.7,283,35,248,54.7,283,0,100
2026-03-03 11:00:00,3.5,363.00000000000006,93,270,131.6,363.00000000000006,0,100
2026-03-03 12:00:00,4.4,413,101.00000000000001,312,140.2,413,2147.33,96
2026-03-03 13:00:00,5.4,334,80,254,117.6,334,2405.44,96
2026-03-03 14:00:00,4.9,261,47,214,79.8,261,1728.25,98
2026-03-03 15:00:00,5.5,172,37,135,81.8,172,594.93,95
2026-03-03 16:00:00,5.6,84,11,73,39.3,84,654.13,100
2026-03-03 17:00:00,5.4,24,2,22,15.5,24,0,100
2026-03-03 18:00:00,4.9,0,0,0,0,0,0,93
2026-03-03 19:00:00,4.5,0,0,0,0,0,0,94
2026-03-03 20:00:00,4,0,0,0,0,0,0,78
2026-03-03 21:00:00,3.7,0,0,0,0,0,0,66
2026-03-03 22:00:00,3.2,0,0,0,0,0,0,51
2026-03-03 23:00:00,2.8,0,0,0,0,0,0,41
2026-03-04 00:00:00,2.3,0,0,0,0,0,0,46
2026-03-04 01:00:00,2,0,0,0,0,0,0,59
2026-03-04 02:00:00,1.8,0,0,0,0,0,0,56
2026-03-04 03:00:00,1.6,0,0,0,0,0,0,63
2026-03-04 04:00:00,1.7,0,0,0,0,0,0,85
2026-03-04 05:00:00,1.8,0,0,0,0,0,0,92
2026-03-04 06:00:00,2,4,0,4,0,4,0,95
2026-03-04 07:00:00,2.2,66,8,58,42.6,66,0,95
2026-03-04 08:00:00,2.9,129,21,108,56.2,129,0,94
2026-03-04 09:00:00,3.5,242.00000000000003,54,188,101.89999999999999,242.00000000000003,0,92
2026-03-04 10:00:00,4.6,320.00000000000006,91,229,141.1,320.00000000000006,1258.39,91
2026-03-04 11:00:00,5.5,431,177,253.99999999999997,248.8,431,2433.52,94
2026-03-04 12:00:00,6.3,605,320,285,441.4,605,3600,67
2026-03-04 13:00:00,7.3,565,310,255,452.90000000000003,565,3600,49
2026-03-04 14:00:00,6.8,366,135,231,227.7,366,3600,93
2026-03-04 15:00:00,7.1,260,83,177,182,260,3600,91
2026-03-04 16:00:00,7.2,135,33,102,116.3,135,3600,85
2026-03-04 17:00:00,7.3,26,3,23,22.9,26,1688.63,91
2026-03-04 18:00:00,7,0,0,0,0,0,0,98
2026-03-04 19:00:00,6.7,0,0,0,0,0,0,100
2026-03-04 20:00:00,6.2,0,0,0,0,0,0,100
2026-03-04 21:00:00,5.8,0,0,0,0,0,0,100
2026-03-04 22:00:00,5.3,0,0,0,0,0,0,100
2026-03-04 23:00:00,5,0,0,0,0,0,0,100
2026-03-05 00:00:00,4.6,0,0,0,0,0,0,100
2026-03-05 01:00:00,4.4,0,0,0,0,0,0,100
2026-03-05 02:00:00,4.4,0,0,0,0,0,0,100
2026-03-05 03:00:00,4.3,0,0,0,0,0,0,100
2026-03-05 04:00:00,4.3,0,0,0,0,0,0,100
2026-03-05 05:00:00,4.2,0,0,0,0,0,0,97
2026-03-05 06:00:00,4.1,3,0,3,0,3,0,100
2026-03-05 07:00:00,4.1,46,0,46,0,46,0,100
2026-03-05 08:00:00,4.6,90,0,90,0,90,0,100
2026-03-05 09:00:00,5.2,160,18,142,33.7,160,0,100
2026-03-05 10:00:00,6,201,14,187,21.5,201,0,100
2026-03-05 11:00:00,6.8,189,8,181,11.2,189,0,100
2026-03-05 12:00:00,7.2,221,44,177,60.3,221,0,100
2026-03-05 13:00:00,7.6,174,42,132,61,174,9.52,100
2026-03-05 14:00:00,7.6,140,9,131,15.1,140,29.31,100
2026-03-05 15:00:00,7.5,117,26,91,56.5,117,0,97
2026-03-05 16:00:00,7.1,98,25,73,87,98,0,96
2026-03-05 17:00:00,6.9,17,2,14.999999999999998,15.1,17,810.13,87
2026-03-05 18:00:00,6.5,0,0,0,0,0,0,100
2026-03-05 19:00:00,5.8,0,0,0,0,0,0,100
2026-03-05 20:00:00,4.3,0,0,0,0,0,0,100
2026-03-05 21:00:00,2.5,0,0,0,0,0,0,100
2026-03-05 22:00:00,2,0,0,0,0,0,0,100
2026-03-05 23:00:00,1.5,0,0,0,0,0,0,100
2026-03-06 00:00:00,1.1,0,0,0,0,0,0,100
2026-03-06 01:00:00,0.9,0,0,0,0,0,0,100
2026-03-06 02:00:00,0.4,0,0,0,0,0,0,100
2026-03-06 03:00:00,0,0,0,0,0,0,0,100
2026-03-06 04:00:00,-0.3,0,0,0,0,0,0,100
2026-03-06 05:00:00,-0.4,0,0,0,0,0,0,95
2026-03-06 06:00:00,-0.5,4,0,4,0,4,0,100
2026-03-06 07:00:00,-0.5,52,1,51,5.1,52,0,100
2026-03-06 08:00:00,0.3,164,37,127,96.4,164,0,91
2026-03-06 09:00:00,0.9,326,117,209,216.9,326,1093.41,85
2026-03-06 10:00:00,1.9,503,231.00000000000003,272,353.00000000000006,503,3600,76
2026-03-06 11:00:00,2.7,656,367,289,509.09999999999997,656,3600,66
2026-03-06 12:00:00,3.5,650,367,283,500,650,3600,64
2026-03-06 13:00:00,3.9,473.99999999999994,197,277,284.3,473.99999999999994,3600,71
2026-03-06 14:00:00,3.8,310,84,226,139.8,310,3600,97
2026-03-06 15:00:00,3.6,194,32,162,69,194,2394.02,100
2026-03-06 16:00:00,3.3,145,45,100,154.7,145,270.39,87
2026-03-06 17:00:00,2.6,43,10,33,74.3,43,2840.98,51
2026-03-06 18:00:00,1.5,0,0,0,0,0,261.38,34
2026-03-06 19:00:00,0.5,0,0,0,0,0,0,21
2026-03-06 20:00:00,0,0,0,0,0,0,0,100
2026-03-06 21:00:00,-0.4,0,0,0,0,0,0,100
2026-03-06 22:00:00,-0.5,0,0,0,0,0,0,100
2026-03-06 23:00:00,-0.6,0,0,0,0,0,0,100
2026-03-07 00:00:00,-0.6,0,0,0,0,0,0,100
2026-03-07 01:00:00,-0.6,0,0,0,0,0,0,100
2026-03-07 02:00:00,-1,0,0,0,0,0,0,100
2026-03-07 03:00:00,-1.1,0,0,0,0,0,0,100
2026-03-07 04:00:00,-1.4,0,0,0,0,0,0,0
2026-03-07 05:00:00,-1.6,0,0,0,0,0,0,0
2026-03-07 06:00:00,-1.9,11,2,9,22.9,11,0,0
2026-03-07 07:00:00,-2.1,144,73,71,360.5,144,0,0
2026-03-07 08:00:00,-1.2,348,234,114,602.1,348,3600,0
2026-03-07 09:00:00,0.3,536,398,138,731.1,536,3600,0
2026-03-07 10:00:00,1.8,680,530,150,803.7999999999998,680,3600,0
2026-03-07 11:00:00,3.5,765,610,155,840.8,765,3600,0
2026-03-07 12:00:00,4.9,782,628,154,850.4,782,3600,0
2026-03-07 13:00:00,6,729,583,146,836.1,729,3600,0
2026-03-07 14:00:00,6.7,612,480,132,793.6,612,3600,0
2026-03-07 15:00:00,7.1,442,329,113,703.8,442,3600,0
2026-03-07 16:00:00,7,241,156,85,529.9,241,3600,0
2026-03-07 17:00:00,6.5,57,23,34,168.8,57,3600,0
2026-03-07 18:00:00,5.6,0,0,0,0,0,3504.79,0
2026-03-07 19:00:00,4.4,0,0,0,0,0,0,0
2026-03-07 20:00:00,3.6,0,0,0,0,0,0,13
2026-03-07 21:00:00,2.9,0,0,0,0,0,0,59
2026-03-07 22:00:00,2.3,0,0,0,0,0,0,63
2026-03-07 23:00:00,1.8,0,0,0,0,0,0,26
2026-03-08 00:00:00,1.4,0,0,0,0,0,0,84
2026-03-08 01:00:00,1.1,0,0,0,0,0,0,75
2026-03-08 02:00:00,0.7,0,0,0,0,0,0,27
2026-03-08 03:00:00,0.5,0,0,0,0,0,0,100
2026-03-08 04:00:00,0.3,0,0,0,0,0,0,100
2026-03-08 05:00:00,0.2,0,0,0,0,0,0,42
2026-03-08 06:00:00,0.1,11,0,11,0,11,0,8
2026-03-08 07:00:00,0,104,12,92,57.8,104,0,100
2026-03-08 08:00:00,1.4,236,37,199,93.99999999999999,236,0,100
2026-03-08 09:00:00,3.2,341,47,294,85.5,341,1019.89,100
2026-03-08 10:00:00,5.4,424,87,337,131,424,766.47,100
2026-03-08 11:00:00,7,307,58,249,79.4,307,2129.61,95
2026-03-08 12:00:00,7.8,307,38,269,51.1,307,582.91,100
2026-03-08 13:00:00,8.5,335,72,263,102.6,335,0,100
2026-03-08 14:00:00,9.4,446,211,235,346.6,446,1278.94,77
2026-03-08 15:00:00,9.9,292,66,226,140.1,292,3600,100
2026-03-08 16:00:00,9.8,175,36,139,120.8,175,2402.31,100
2026-03-08 17:00:00,9.5,46,4,42,29,46,1825.17,96
2026-03-08 18:00:00,8.9,0,0,0,0,0,0,100
2026-03-08 19:00:00,7.6,0,0,0,0,0,0,100
2026-03-08 20:00:00,6.6,0,0,0,0,0,0,100
2026-03-08 21:00:00,5.8,0,0,0,0,0,0,100
2026-03-08 22:00:00,5.4,0,0,0,0,0,0,100
2026-03-08 23:00:00,5.3,0,0,0,0,0,0,99
2026-03-09 00:00:00,5.4,0,0,0,0,0,0,88
2026-03-09 01:00:00,4.5,0,0,0,0,0,0,62
2026-03-09 02:00:00,3.4,0,0,0,0,0,0,15
2026-03-09 03:00:00,2.7,0,0,0,0,0,0,0
2026-03-09 04:00:00,2.2,0,0,0,0,0,0,0
2026-03-09 05:00:00,1.7,0,0,0,0,0,0,13
2026-03-09 06:00:00,1.3,13,2,11,21.6,13,0,29
2026-03-09 07:00:00,1.2,147,75,72,352.8,147,0,0
2026-03-09 08:00:00,2.7,353,240,113,602,353,3600,0
2026-03-09 09:00:00,4.7,541,407,134,734.1000000000001,541,3600,0
2026-03-09 10:00:00,6.6,687,543,144,811.6,687,3600,0
2026-03-09 11:00:00,7.8,775.9999999999999,628,148,854.5999999999999,775.9999999999999,3600,0
2026-03-09 12:00:00,8.5,795,648,147,867.0000000000001,795,3600,0
2026-03-09 13:00:00,8.9,743,601,142,851.6,743,3600,0
2026-03-09 14:00:00,9.3,626,493,133,804.5,626,3600,0
2026-03-09 15:00:00,9,454,337,117,709.7,454,3600,0
2026-03-09 16:00:00,8.4,250,160,90,530.9,250,3600,0
2026-03-09 17:00:00,7.5,61,24,37,171.8,61,3600,0
2026-03-09 18:00:00,6.4,0,0,0,0,0,3600,0
2026-03-09 19:00:00,5,0,0,0,0,0,0,0
2026-03-09 20:00:00,3.7,0,0,0,0,0,0,0
2026-03-09 21:00:00,2.8,0,0,0,0,0,0,0
2026-03-09 22:00:00,2,0,0,0,0,0,0,0
2026-03-09 23:00:00,1.4,0,0,0,0,0,0,0
2026-03-10 00:00:00,1.1,0,0,0,0,0,0,0
2026-03-10 01:00:00,0.9,0,0,0,0,0,0,0
2026-03-10 02:00:00,0.9,0,0,0,0,0,0,0
2026-03-10 03:00:00,1,0,0,0,0,0,0,11
2026-03-10 04:00:00,1,0,0,0,0,0,0,11
2026-03-10 05:00:00,1,0,0,0,0,0,0,55
2026-03-10 06:00:00,1,15,3,12,31.600000000000005,15,0,0
2026-03-10 07:00:00,1,144,65,79,298.7,144,0,52
2026-03-10 08:00:00,3.2,341,215,126,532.5,341,3600,2
2026-03-10 09:00:00,5.9,522,367,155,656.1,522,3600,78
2026-03-10 10:00:00,9,659,484.99999999999994,174,719.7,659,3600,63
2026-03-10 11:00:00,11.5,747,582.9999999999999,164,788.3,747,3600,78
2026-03-10 12:00:00,13.5,768,619,149,823.3,768,3600,32
2026-03-10 13:00:00,14.8,717,578,139,814.1,717,3600,25
2026-03-10 14:00:00,15.3,593,447,146,724.8,593,3600,59
2026-03-10 15:00:00,15.5,431,308,122.99999999999999,643.6,431,3600,37
2026-03-10 16:00:00,15.3,242,156,86,511.7,242,3600,41
2026-03-10 17:00:00,14.6,61,25,36,176.9,61,3600,0
2026-03-10 18:00:00,13.4,0,0,0,0,0,3600,58
2026-03-10 19:00:00,11.8,0,0,0,0,0,0,44
2026-03-10 20:00:00,10.3,0,0,0,0,0,0,100
2026-03-10 21:00:00,9.5,0,0,0,0,0,0,100
2026-03-10 22:00:00,8.2,0,0,0,0,0,0,100
2026-03-10 23:00:00,7.4,0,0,0,0,0,0,100
2026-03-11 00:00:00,7,0,0,0,0,0,0,100
2026-03-11 01:00:00,6.8,0,0,0,0,0,0,100
2026-03-11 02:00:00,7.1,0,0,0,0,0,0,83
2026-03-11 03:00:00,7.1,0,0,0,0,0,0,83
2026-03-11 04:00:00,7.1,0,0,0,0,0,0,81
2026-03-11 05:00:00,7,0,0,0,0,0,0,81
2026-03-11 06:00:00,6.8,10,1,9,10.2,10,0,74
2026-03-11 07:00:00,6.9,88,21,67,94.3,88,0,92
2026-03-11 08:00:00,7.5,218,65,153,159,218,1028.15,92
2026-03-11 09:00:00,9,373,141,232,249.80000000000004,373,2969.34,89
2026-03-11 10:00:00,10.9,491.00000000000006,225,266,331.5,491.00000000000006,3600,83
2026-03-11 11:00:00,12.6,650,379,271,509.29999999999995,650,3600,76
2026-03-11 12:00:00,14.1,743,537,206,710.0999999999999,743,3600,33
2026-03-11 13:00:00,15.2,668,468,200,655.4,668,3600,31
2026-03-11 14:00:00,15.2,542,348,194,560.7,542,3600,44
2026-03-11 15:00:00,15.2,383,205,178,425.1,383,3600,73
2026-03-11 16:00:00,14.2,207,89,118,288.7,207,3600,76
2026-03-11 17:00:00,11.6,54,12,42,83.9,54,3600,55
2026-03-11 18:00:00,9,0,0,0,0,0,1450.12,47
2026-03-11 19:00:00,7.1,0,0,0,0,0,0,28
2026-03-11 20:00:00,5.8,0,0,0,0,0,0,32
2026-03-11 21:00:00,5.1,0,0,0,0,0,0,39
2026-03-11 22:00:00,4.5,0,0,0,0,0,0,52
2026-03-11 23:00:00,4.1,0,0,0,0,0,0,70
2026-03-12 00:00:00,3.8,0,0,0,0,0,0,82
2026-03-12 01:00:00,3.6,0,0,0,0,0,0,89
2026-03-12 02:00:00,3.7,0,0,0,0,0,0,87
2026-03-12 03:00:00,3.6,0,0,0,0,0,0,88
2026-03-12 04:00:00,3.4,0,0,0,0,0,0,90
2026-03-12 05:00:00,3.2,0,0,0,0,0,0,93
2026-03-12 06:00:00,3.2,14,1,13,11.8,14,0,87
2026-03-12 07:00:00,3.4,133,42,91,184.3,133,0,68
2026-03-12 08:00:00,4.1,336,169,167,408.2,336,3600,58
2026-03-12 09:00:00,5.5,536,358,178,628.7,536,3600,43
2026-03-12 10:00:00,7.3,690.0000000000001,530,160,775.3,690.0000000000001,3600,22
2026-03-12 11:00:00,9.1,776,618,158,825.2,776,3600,0
2026-03-12 12:00:00,10.3,794,634.9999999999999,159,834.8000000000001,794,3600,0
2026-03-12 13:00:00,10.7,741,586,155,815.9,741,3600,5
2026-03-12 14:00:00,10.8,626,482.99999999999994,143,773.4,626,3600,0
2026-03-12 15:00:00,10.5,456,331,125,681.3,456,3600,0
2026-03-12 16:00:00,9.7,253,158,95,506.9,253,3600,0
2026-03-12 17:00:00,8.6,66,25.000000000000004,41,193.1,66,3600,0
2026-03-12 18:00:00,7,0,0,0,0,0,3600,0
2026-03-12 19:00:00,5.6,0,0,0,0,0,0,0
2026-03-12 20:00:00,4.4,0,0,0,0,0,0,0
2026-03-12 21:00:00,3.7,0,0,0,0,0,0,0
2026-03-12 22:00:00,3.1,0,0,0,0,0,0,0
2026-03-12 23:00:00,2.7,0,0,0,0,0,0,1
2026-03-13 00:00:00,2.3,0,0,0,0,0,0,87
2026-03-13 01:00:00,1.5,0,0,0,0,0,0,10
2026-03-13 02:00:00,0.3,0,0,0,0,0,0,0
2026-03-13 03:00:00,0,0,0,0,0,0,0,0
2026-03-13 04:00:00,-0.1,0,0,0,0,0,0,0
2026-03-13 05:00:00,-0.2,0,0,0,0,0,0,0
2026-03-13 06:00:00,0,20,4,16,45.8,20,0,0
2026-03-13 07:00:00,0.2,162,80,82,343.3,162,0.68,0
2026-03-13 08:00:00,3,367,241,125.99999999999999,575.1,367,3600,0
2026-03-13 09:00:00,6.3,555,410,145,713.7999999999998,555,3600,0
2026-03-13 10:00:00,10.2,699.9999999999999,549,151,797.4,699.9999999999999,3600,0
2026-03-13 11:00:00,13.2,783,632,151,838.8,783,3600,3
2026-03-13 12:00:00,15.4,789.9999999999999,627,163,819.6,789.9999999999999,3600,44
2026-03-13 13:00:00,16.4,730,566,163.99999999999997,783.5,730,3600,25
2026-03-13 14:00:00,16.3,616,472,144,751.2,616,3600,58
2026-03-13 15:00:00,16.6,364,161,203.00000000000003,328.90000000000003,364,3600,21
2026-03-13 16:00:00,16,152,16,136,50.800000000000004,152,3600,100
2026-03-13 17:00:00,15.3,39,0,39,0,39,0,100
2026-03-13 18:00:00,14.5,0,0,0,0,0,0,100
2026-03-13 19:00:00,13.1,0,0,0,0,0,0,100
2026-03-13 20:00:00,12.4,0,0,0,0,0,0,100
2026-03-13 21:00:00,11.2,0,0,0,0,0,0,100
2026-03-13 22:00:00,10.2,0,0,0,0,0,0,100
2026-03-13 23:00:00,9.5,0,0,0,0,0,0,100
2026-03-14 00:00:00,8.9,0,0,0,0,0,0,100
2026-03-14 01:00:00,8.3,0,0,0,0,0,0,100
2026-03-14 02:00:00,8.6,0,0,0,0,0,0,100
2026-03-14 03:00:00,8.4,0,0,0,0,0,0,100
2026-03-14 04:00:00,8.2,0,0,0,0,0,0,100
2026-03-14 05:00:00,7.9,0,0,0,0,0,0,94
2026-03-14 06:00:00,7.7,9,0,9,0,9,0,92
2026-03-14 07:00:00,7.6,63,3,60,12.6,63,0,97
2026-03-14 08:00:00,7.8,112,4,108.00000000000001,9.4,112,0,100
2026-03-14 09:00:00,8.2,179,4,175,6.9,179,0,99
2026-03-14 10:00:00,8.1,202,21,181,30.3,202,0,100
2026-03-14 11:00:00,8.2,273,55,218,72.6,273,0,100
2026-03-14 12:00:00,8.5,302,61,240.99999999999997,79.3,302,376.54,100
2026-03-14 13:00:00,8.2,256,16,240,22,256,578.53,100
2026-03-14 14:00:00,6.9,157,6,151,9.5,157,0,100
2026-03-14 15:00:00,6,79,2,77,4.1,79,0,100
2026-03-14 16:00:00,5.1,55,0,55,0,55,0,100
2026-03-14 17:00:00,4.5,15,0,15,0,15,0,100
2026-03-14 18:00:00,4,0,0,0,0,0,0,100
2026-03-14 19:00:00,3.4,0,0,0,0,0,0,99
2026-03-14 20:00:00,2.8,0,0,0,0,0,0,100
2026-03-14 21:00:00,2.6,0,0,0,0,0,0,100
2026-03-14 22:00:00,2.6,0,0,0,0,0,0,99
2026-03-14 23:00:00,2.6,0,0,0,0,0,0,100
2026-03-15 00:00:00,2.5,0,0,0,0,0,0,100
2026-03-15 01:00:00,2.3,0,0,0,0,0,0,100
2026-03-15 02:00:00,2.2,0,0,0,0,0,0,100
2026-03-15 03:00:00,2.2,0,0,0,0,0,0,100
2026-03-15 04:00:00,2.2,0,0,0,0,0,0,97
2026-03-15 05:00:00,2,0,0,0,0,0,0,100
2026-03-15 06:00:00,1.8,19,2,17,21.6,19,0,80
2026-03-15 07:00:00,1.7,156,67,89,275.3,156,0,53
2026-03-15 08:00:00,2.4,363,236,126.99999999999999,549.7,363,3600,6
2026-03-15 09:00:00,3.8,539,361,178,617.7,539,3600,0
2026-03-15 10:00:00,5.5,683,487,196,697.6,683,3600,38
2026-03-15 11:00:00,7,778.0000000000001,609.9999999999999,168,799.8,778.0000000000001,3600,0
2026-03-15 12:00:00,8.2,798.0000000000001,636,162,822,798.0000000000001,3600,0
2026-03-15 13:00:00,9,747,588,159,805,747,3600,0
2026-03-15 14:00:00,9.8,633,487,146,765.8,633,3600,0
2026-03-15 15:00:00,9.9,456,319,137,642.4,456,3600,14
2026-03-15 16:00:00,9.5,231,100,131,310.7,231,3600,73
2026-03-15 17:00:00,8.6,60,6,54,44.6,60,3600,100
2026-03-15 18:00:00,7.6,0,0,0,0,0,0,100
2026-03-15 19:00:00,6.6,0,0,0,0,0,0,100
2026-03-15 20:00:00,6,0,0,0,0,0,0,100
2026-03-15 21:00:00,5.4,0,0,0,0,0,0,100
2026-03-15 22:00:00,5,0,0,0,0,0,0,100
2026-03-15 23:00:00,4.6,0,0,0,0,0,0,98
2026-03-16 00:00:00,4,0,0,0,0,0,0,42
2026-03-16 01:00:00,3.4,0,0,0,0,0,0,100
2026-03-16 02:00:00,2.2,0,0,0,0,0,0,95
2026-03-16 03:00:00,1.7,0,0,0,0,0,0,100
2026-03-16 04:00:00,1.2,0,0,0,0,0,0,100
2026-03-16 05:00:00,1.2,0,0,0,0,0,0,100
2026-03-16 06:00:00,1.3,19,1,18,10.5,19,0,100
2026-03-16 07:00:00,1.6,128,21,107,84.5,128,0,91
2026-03-16 08:00:00,3.4,277,85,192,195.7,277,734.53,98
2026-03-16 09:00:00,6,499.00000000000006,300,199,509,499.00000000000006,3600,87
2026-03-16 10:00:00,8.8,713,562,151,799.6,713,3600,39
2026-03-16 11:00:00,11.2,791,627,164,817.3,791,3600,17
2026-03-16 12:00:00,12.6,795,618,177,794.4,795,3600,24
2026-03-16 13:00:00,13.4,735,560,175,762.5,735,3600,47
2026-03-16 14:00:00,13.6,630,485,145,758.2,630,3600,61
2026-03-16 15:00:00,13.8,466,348,118,695.9,466,3600,6
2026-03-16 16:00:00,13.6,267,180,87,553.6,267,3600,21
2026-03-16 17:00:00,13.1,77,35,42,257.1,77,3600,4
2026-03-16 18:00:00,12.1,0,0,0,0,0,3600,3
2026-03-16 19:00:00,10.3,0,0,0,0,0,0,4
2026-03-16 20:00:00,8.8,0,0,0,0,0,0,99
2026-03-16 21:00:00,7.5,0,0,0,0,0,0,8
2026-03-16 22:00:00,6.7,0,0,0,0,0,0,18
2026-03-16 23:00:00,6.2,0,0,0,0,0,0,53
2026-03-17 00:00:00,5.6,0,0,0,0,0,0,64
2026-03-17 01:00:00,5,0,0,0,0,0,0,4
2026-03-17 02:00:00,4.8,0,0,0,0,0,0,0
2026-03-17 03:00:00,4.4,0,0,0,0,0,0,25
2026-03-17 04:00:00,4,0,0,0,0,0,0,22
2026-03-17 05:00:00,3.5,0,0,0,0,0,0,4
2026-03-17 06:00:00,3.1,27,7,20,71.5,27,0,0
2026-03-17 07:00:00,2.9,178,98,80,386.2,178,683.35,0
2026-03-17 08:00:00,5.1,382,264,117.99999999999999,600.7,382,3600,0
2026-03-17 09:00:00,7.9,568,432,136,726.9,568,3600,0
2026-03-17 10:00:00,10.9,712.9999999999999,570,143,805.6,712.9999999999999,3600,0
2026-03-17 11:00:00,13.2,800,655,145,848.8000000000001,800,3600,0
2026-03-17 12:00:00,14.5,816,673,143,860.3999999999999,816,3600,0
2026-03-17 13:00:00,15.3,760,621,139,841,760,3600,8
2026-03-17 14:00:00,15.4,624,468,156,727.4,624,3600,51
2026-03-17 15:00:00,15.5,380,172,208,341.6000000000001,380,3600,100
2026-03-17 16:00:00,15,199,55,144,167.5,199,3600,100
2026-03-17 17:00:00,14.1,49,3,46,21.8,49,3223.81,100
2026-03-17 18:00:00,12.9,0,0,0,0,0,0,100
2026-03-17 19:00:00,11.5,0,0,0,0,0,0,100
2026-03-17 20:00:00,10.4,0,0,0,0,0,0,100
2026-03-17 21:00:00,9.2,0,0,0,0,0,0,100
2026-03-17 22:00:00,7.4,0,0,0,0,0,0,100
2026-03-17 23:00:00,6,0,0,0,0,0,0,100
2026-03-18 00:00:00,5.5,0,0,0,0,0,0,100
2026-03-18 01:00:00,5.4,0,0,0,0,0,0,100
2026-03-18 02:00:00,5.8,0,0,0,0,0,0,87
2026-03-18 03:00:00,5.7,0,0,0,0,0,0,95
2026-03-18 04:00:00,5.8,0,0,0,0,0,0,76
2026-03-18 05:00:00,5.9,0,0,0,0,0,0,75
2026-03-18 06:00:00,6.5,11,1,10,10,11,0,87
2026-03-18 07:00:00,7.2,96,23,73,88.8,96,0,100
2026-03-18 08:00:00,8.2,217,71,146,159.7,217,865.49,81
2026-03-18 09:00:00,5.9,206,43,162.99999999999997,71.8,206,2991.68,96
2026-03-18 10:00:00,5.1,220,17,202.99999999999997,23.9,220,353.02,98
2026-03-18 11:00:00,4.7,442,89,353,114.70000000000002,442,0,100
2026-03-18 12:00:00,5.7,567,159,408,202.2,567,1640.37,100
2026-03-18 13:00:00,6.1,626,292,334,393.4,626,3600,100
2026-03-18 14:00:00,6.1,405,82,323,126.7,405,3600,100
2026-03-18 15:00:00,5.8,297,56,241,110.5,297,2002.15,100
2026-03-18 16:00:00,5.6,181,26,155,78.4,181,1513.93,100
2026-03-18 17:00:00,5.1,55,2,53,14.4,55,551.5,100
2026-03-18 18:00:00,4.4,1,0,1,0,0,0,100
2026-03-18 19:00:00,3.7,0,0,0,0,0,0,100
2026-03-18 20:00:00,3,0,0,0,0,0,0,100
2026-03-18 21:00:00,2.7,0,0,0,0,0,0,100
2026-03-18 22:00:00,2.1,0,0,0,0,0,0,100
2026-03-18 23:00:00,1.6,0,0,0,0,0,0,100
2026-03-19 00:00:00,1.2,0,0,0,0,0,0,10
2026-03-19 01:00:00,0.8,0,0,0,0,0,0,38
2026-03-19 02:00:00,0.1,0,0,0,0,0,0,16
2026-03-19 03:00:00,-0.2,0,0,0,0,0,0,0
2026-03-19 04:00:00,-0.4,0,0,0,0,0,0,0
2026-03-19 05:00:00,-0.7,0,0,0,0,0,0,0
2026-03-19 06:00:00,-0.9,33,9,24,87.3,33,0,0
2026-03-19 07:00:00,-0.8,189,87,102,329.6,189,1168.06,8
2026-03-19 08:00:00,2,386,221,165,491.6000000000001,386,3600,10
2026-03-19 09:00:00,5,543,303,240,501.7,543,3600,100
2026-03-19 10:00:00,7.8,644,354,290,493.8,644,3600,100
2026-03-19 11:00:00,9.9,730,413,316.99999999999994,529.2,730,3600,91
2026-03-19 12:00:00,11.6,765,500,265,632.6,765,3600,86
2026-03-19 13:00:00,13,771,612,159,820.1999999999999,771,3600,42
2026-03-19 14:00:00,14.4,662,534,128,820.8,662,3600,15
2026-03-19 15:00:00,14.8,490,379,111,742.6,490,3600,0
2026-03-19 16:00:00,14.8,268,160,108,477.7,268,3600,2
2026-03-19 17:00:00,14.3,73,14,59,99.3,73,3600,100
2026-03-19 18:00:00,13.2,1,0,1,0,0,1280.03,100
2026-03-19 19:00:00,11.3,0,0,0,0,0,0,100
2026-03-19 20:00:00,10.6,0,0,0,0,0,0,100
2026-03-19 21:00:00,9.5,0,0,0,0,0,0,100
2026-03-19 22:00:00,8.9,0,0,0,0,0,0,100
2026-03-19 23:00:00,8.2,0,0,0,0,0,0,100
2026-03-20 00:00:00,7.6,0,0,0,0,0,0,100
2026-03-20 01:00:00,7,0,0,0,0,0,0,76
2026-03-20 02:00:00,6.7,0,0,0,0,0,0,61
2026-03-20 03:00:00,6,0,0,0,0,0,0,56
2026-03-20 04:00:00,5.5,0,0,0,0,0,0,41
2026-03-20 05:00:00,4.8,0,0,0,0,0,0,0
2026-03-20 06:00:00,3.9,35,9,26,85.2,35,0,8
2026-03-20 07:00:00,4,191,95,96,353.1,191,1123.45,71
2026-03-20 08:00:00,7,380,222,158,488.3999999999999,380,3600,73
2026-03-20 09:00:00,9.5,526,293,233.00000000000003,481.3,526,3600,76
2026-03-20 10:00:00,11.7,640,364,276,504.5,640,3600,100
2026-03-20 11:00:00,13.3,711,403.00000000000006,308,513.5,711,3600,100
2026-03-20 12:00:00,14.6,759,485,274,610.4,759,3600,100
2026-03-20 13:00:00,15.6,741,543,198,724,741,3600,86
2026-03-20 14:00:00,16.3,649,511,138,781.0999999999999,649,3600,59
2026-03-20 15:00:00,16.8,485,372,113,724.1,485,3600,10
2026-03-20 16:00:00,16.7,282,194,88,573.7,282,3600,0
2026-03-20 17:00:00,15.7,87,41,46,287.6,87,3600,0
2026-03-20 18:00:00,14.1,1,0,1,0,0,3600,0
2026-03-20 19:00:00,11.7,0,0,0,0,0,0,0
2026-03-20 20:00:00,10.5,0,0,0,0,0,0,0
2026-03-20 21:00:00,9.8,0,0,0,0,0,0,0
2026-03-20 22:00:00,9,0,0,0,0,0,0,0
2026-03-20 23:00:00,8.3,0,0,0,0,0,0,0
2026-03-21 00:00:00,7.7,0,0,0,0,0,0,0
2026-03-21 01:00:00,7.1,0,0,0,0,0,0,0
2026-03-21 02:00:00,6.6,0,0,0,0,0,0,0
2026-03-21 03:00:00,6.2,0,0,0,0,0,0,0
2026-03-21 04:00:00,5.9,0,0,0,0,0,0,0
2026-03-21 05:00:00,5.6,0,0,0,0,0,0,0
2026-03-21 06:00:00,5.5,37,11,26,101.6,37,0,0
2026-03-21 07:00:00,5.9,201,115,86,419.5,201,1653.48,0
2026-03-21 08:00:00,8.3,407,287,119.99999999999999,624.7,407,3600,0
2026-03-21 09:00:00,11.4,591,454,137,740,591,3600,0
2026-03-21 10:00:00,14.2,729.9999999999999,584,146,804.4000000000001,729.9999999999999,3600,0
2026-03-21 11:00:00,16.6,809,662,147,839,809,3600,0
2026-03-21 12:00:00,18.2,821,673.9999999999999,147,844.1,821,3600,0
2026-03-21 13:00:00,19.1,765,623,142,826.6,765,3600,0
2026-03-21 14:00:00,19,649,521,128,792.2,649,3600,0
2026-03-21 15:00:00,19.1,478,364,114,704,478,3600,4
2026-03-21 16:00:00,18.5,278,185,93,542,278,3600,21
2026-03-21 17:00:00,17.6,77,22,55,152.6,77,3600,73
2026-03-21 18:00:00,16.3,1,0,1,0,0,2828.25,100
2026-03-21 19:00:00,15.1,0,0,0,0,0,0,100
2026-03-21 20:00:00,13.9,0,0,0,0,0,0,100
2026-03-21 21:00:00,12.4,0,0,0,0,0,0,100
2026-03-21 22:00:00,11.4,0,0,0,0,0,0,100
2026-03-21 23:00:00,10.8,0,0,0,0,0,0,100
2026-03-22 00:00:00,10.2,0,0,0,0,0,0,100
2026-03-22 01:00:00,9.9,0,0,0,0,0,0,100
2026-03-22 02:00:00,9.8,0,0,0,0,0,0,100
2026-03-22 03:00:00,9.6,0,0,0,0,0,0,100
2026-03-22 04:00:00,9.6,0,0,0,0,0,0,86
2026-03-22 05:00:00,9.5,0,0,0,0,0,0,93
2026-03-22 06:00:00,9.4,25,4,21,36.1,25,0,74
2026-03-22 07:00:00,9.4,124,29,95,103.9,124,0,65
2026-03-22 08:00:00,10.7,252,82,170,176.6,252,1316.93,100
2026-03-22 09:00:00,12.7,345.99999999999994,118,228.00000000000003,190.9,345.99999999999994,3498.21,85
2026-03-22 10:00:00,14.5,508,249,259,340.9,508,3600,80
2026-03-22 11:00:00,16.5,728.9999999999999,480,249,605.1,728.9999999999999,3600,69
2026-03-22 12:00:00,18.8,788,606,182,755.2,788,3600,29
2026-03-22 13:00:00,20.4,662,447.00000000000006,215,590.2,662,3600,58
2026-03-22 14:00:00,20.2,602,407,195,615.5999999999999,602,3600,38
2026-03-22 15:00:00,20.5,440,266,174,511.2,440,3600,53
2026-03-22 16:00:00,20.2,232,99,133,287.4,232,3600,65
2026-03-22 17:00:00,18.9,70,10,60,68.6,70,3600,100
2026-03-22 18:00:00,17.4,1,0,1,0,1,259.04,89
2026-03-22 19:00:00,15.7,0,0,0,0,0,0,70
2026-03-22 20:00:00,13.6,0,0,0,0,0,0,72
2026-03-22 21:00:00,12.3,0,0,0,0,0,0,45
2026-03-22 22:00:00,11.1,0,0,0,0,0,0,70
2026-03-22 23:00:00,10.1,0,0,0,0,0,0,100
2026-03-23 00:00:00,9.5,0,0,0,0,0,0,100
2026-03-23 01:00:00,9.2,0,0,0,0,0,0,100
2026-03-23 02:00:00,8.9,0,0,0,0,0,0,100
2026-03-23 03:00:00,8.5,0,0,0,0,0,0,100
2026-03-23 04:00:00,8.2,0,0,0,0,0,0,100
2026-03-23 05:00:00,7.9,0,0,0,0,0,0,100
2026-03-23 06:00:00,7.5,37,6,31,53,37,0,97
2026-03-23 07:00:00,7.4,174,68,106.00000000000001,239.4,174,130.71,83
2026-03-23 08:00:00,8.9,370,201,169,428.50000000000006,370,3600,55
2026-03-23 09:00:00,10.8,512,279,233,447.90000000000003,512,3600,68
2026-03-23 10:00:00,12.8,656,413.00000000000006,242.99999999999997,562,656,3600,72
2026-03-23 11:00:00,14.6,775.0000000000001,568,207,712.3,775.0000000000001,3600,47
2026-03-23 12:00:00,16,790,574,215.99999999999997,711.8,790,3600,74
2026-03-23 13:00:00,17,690,416,274,546.6,690,3600,100
2026-03-23 14:00:00,17.8,647,509.00000000000006,138,765.9,647,3600,19
2026-03-23 15:00:00,17.8,479,360,119,687.6,479,3600,17
2026-03-23 16:00:00,17,279,182,97,523.5,279,3600,17
2026-03-23 17:00:00,15.2,88,38,50,255.4,88,3600,17
2026-03-23 18:00:00,13.1,1,0,1,0,1,3600,29
2026-03-23 19:00:00,11.3,0,0,0,0,0,0,97
2026-03-23 20:00:00,10.1,0,0,0,0,0,0,94
2026-03-23 21:00:00,9.1,0,0,0,0,0,0,99
2026-03-23 22:00:00,8.5,0,0,0,0,0,0,94
2026-03-23 23:00:00,8.1,0,0,0,0,0,0,100
2026-03-24 00:00:00,8,0,0,0,0,0,0,100
2026-03-24 01:00:00,8.1,0,0,0,0,0,0,100
2026-03-24 02:00:00,8.5,0,0,0,0,0,0,100
2026-03-24 03:00:00,8.9,0,0,0,0,0,0,100
2026-03-24 04:00:00,9,0,0,0,0,0,0,100
2026-03-24 05:00:00,9,0,0,0,0,0,0,96
2026-03-24 06:00:00,9.1,26,0,26,0,26,0,92
2026-03-24 07:00:00,9.4,121,11,110,38.1,121,0,93
2026-03-24 08:00:00,10.9,254,58,195.99999999999997,122.4,254,0,89
2026-03-24 09:00:00,12.7,441,200,241,318.7,441,1871.49,93
2026-03-24 10:00:00,15,608,357,251,482.9,608,3600,51
2026-03-24 11:00:00,17.2,702,466,236,581.4,702,3600,67
2026-03-24 12:00:00,18.6,743.9999999999999,506.99999999999994,237,625.7999999999998,743.9999999999999,3600,67
2026-03-24 13:00:00,19.5,737,555,182,725.8,737,3600,38
2026-03-24 14:00:00,19.6,575,347,228.00000000000003,519.5,575,3600,74
2026-03-24 15:00:00,19.6,368,145,223,275.2,368,3600,82
2026-03-24 16:00:00,19,189,36,153,102.59999999999998,189,3600,100
2026-03-24 17:00:00,18.2,58,2,56,13.2,58,1279.03,100
2026-03-24 18:00:00,17.1,1,0,1,0,1,0,100
2026-03-24 19:00:00,15.4,0,0,0,0,0,0,100
2026-03-24 20:00:00,14.5,0,0,0,0,0,0,94
2026-03-24 21:00:00,13.3,0,0,0,0,0,0,80
2026-03-24 22:00:00,12.1,0,0,0,0,0,0,17
2026-03-24 23:00:00,11.2,0,0,0,0,0,0,14
2026-03-25 00:00:00,10.6,0,0,0,0,0,0,58
2026-03-25 01:00:00,10.2,0,0,0,0,0,0,0
2026-03-25 02:00:00,10.3,0,0,0,0,0,0,0
2026-03-25 03:00:00,9.9,0,0,0,0,0,0,0
2026-03-25 04:00:00,9.6,0,0,0,0,0,0,0
2026-03-25 05:00:00,9.2,0,0,0,0,0,0,0
2026-03-25 06:00:00,8.8,47,16,31,135.2,47,0,0
2026-03-25 07:00:00,8.9,220,133,87,452.4,220,2915.43,0
2026-03-25 08:00:00,12,427,308,119,643.4,427,3600,0
2026-03-25 09:00:00,15.3,612,477,135,754.7,612,3600,0
2026-03-25 10:00:00,18.6,749.9999999999999,609,141,819,749.9999999999999,3600,0
2026-03-25 11:00:00,21.3,827.0000000000001,686,141,851.4999999999999,827.0000000000001,3600,0
2026-03-25 12:00:00,22.7,838,698.9999999999999,139,858.7000000000002,838,3600,0
2026-03-25 13:00:00,23.7,782,649,133,844.8,782,3600,0
2026-03-25 14:00:00,24,664,540,124,804.3,664,3600,0
2026-03-25 15:00:00,24.3,493,384,109,724.5,493,3600,0
2026-03-25 16:00:00,24.4,291,204,87,576.5,291,3600,0
2026-03-25 17:00:00,24,94,46,48,297,94,3600,0
2026-03-25 18:00:00,22.9,2,0,2,0,2,3600,31
2026-03-25 19:00:00,20.4,0,0,0,0,0,0,100
2026-03-25 20:00:00,19.3,0,0,0,0,0,0,100
2026-03-25 21:00:00,18.5,0,0,0,0,0,0,100
2026-03-25 22:00:00,17.9,0,0,0,0,0,0,100
2026-03-25 23:00:00,17.3,0,0,0,0,0,0,100
2026-03-26 00:00:00,16.9,0,0,0,0,0,0,95
2026-03-26 01:00:00,16.1,0,0,0,0,0,0,83
2026-03-26 02:00:00,15.4,0,0,0,0,0,0,13
2026-03-26 03:00:00,14.4,0,0,0,0,0,0,9
2026-03-26 04:00:00,13.3,0,0,0,0,0,0,58
2026-03-26 05:00:00,12.8,0,0,0,0,0,0,91
2026-03-26 06:00:00,12.5,46,8,38,66.2,46,0,100
2026-03-26 07:00:00,12.7,197,81,116,271,197,574.83,100
2026-03-26 08:00:00,14.8,387,211,176,436.4,387,3600,68
2026-03-26 09:00:00,17.7,539,294,245.00000000000003,461.80000000000007,539,3600,97
2026-03-26 10:00:00,20.6,639,332,307,443.9,639,3600,100
2026-03-26 11:00:00,22.8,710,379,331,468.1,710,3600,100
2026-03-26 12:00:00,24.4,727.9999999999999,394,334,481.8,727.9999999999999,3600,100
2026-03-26 13:00:00,25.7,659,337,322,436.6,659,3600,100
2026-03-26 14:00:00,26.7,568,296,272,438.69999999999993,568,3600,100
2026-03-26 15:00:00,26.7,380,142,238,266.3,380,3600,100
2026-03-26 16:00:00,26.2,208,42,166,117.7,208,3600,100
2026-03-26 17:00:00,25.5,69,7,62,44.29999999999999,69,1730.33,100
2026-03-26 18:00:00,24.1,2,0,2,0,2,0,100
2026-03-26 19:00:00,22.3,0,0,0,0,0,0,100
2026-03-26 20:00:00,21,0,0,0,0,0,0,100
2026-03-26 21:00:00,19.8,0,0,0,0,0,0,100
2026-03-26 22:00:00,18.9,0,0,0,0,0,0,100
2026-03-26 23:00:00,18.1,0,0,0,0,0,0,100
2026-03-27 00:00:00,17.5,0,0,0,0,0,0,100
2026-03-27 01:00:00,17,0,0,0,0,0,0,100
2026-03-27 02:00:00,16.3,0,0,0,0,0,0,100
2026-03-27 03:00:00,15.7,0,0,0,0,0,0,100
2026-03-27 04:00:00,15,0,0,0,0,0,0,100
2026-03-27 05:00:00,14.2,0,0,0,0,0,0,100
2026-03-27 06:00:00,13.3,52,16,36,129.7,52,0,94
2026-03-27 07:00:00,12.7,219,127,92,417.9,219,2829.09,10
2026-03-27 08:00:00,13.7,421,297,124,608.2,421,3600,2
2026-03-27 09:00:00,15,595,445,150,694,595,3600,8
2026-03-27 10:00:00,16.7,708,505,203.00000000000003,671.3,708,3600,72
2026-03-27 11:00:00,18.3,752,486,266,597.2,752,3600,100
2026-03-27 12:00:00,19.2,740,441,299,536.8,740,3600,100
2026-03-27 13:00:00,19.4,669,367,302,473.4,669,3600,100
2026-03-27 14:00:00,18,571,316,255,466.1,571,3600,100
2026-03-27 15:00:00,17.8,402,174,228,324.4,402,3600,100
2026-03-27 16:00:00,17.3,236,82,154,227.8,236,3600,100
2026-03-27 17:00:00,16.5,77,10,67,62.1,77,3600,100
2026-03-27 18:00:00,15.1,2,0,2,0,2,64.12,100
2026-03-27 19:00:00,13.9,0,0,0,0,0,0,100
2026-03-27 20:00:00,12.3,0,0,0,0,0,0,96
2026-03-27 21:00:00,11.6,0,0,0,0,0,0,49
2026-03-27 22:00:00,11.1,0,0,0,0,0,0,66
2026-03-27 23:00:00,10.6,0,0,0,0,0,0,14
2026-03-28 00:00:00,10.5,0,0,0,0,0,0,23
2026-03-28 01:00:00,9.6,0,0,0,0,0,0,0
2026-03-28 02:00:00,9,0,0,0,0,0,0,0
2026-03-28 03:00:00,8.8,0,0,0,0,0,0,0
2026-03-28 04:00:00,8.6,0,0,0,0,0,0,0
2026-03-28 05:00:00,8.5,0,0,0,0,0,0,0
2026-03-28 06:00:00,8.4,54,18,36,143,54,0,0
2026-03-28 07:00:00,9,227,134,93,433.8,227,3309.94,0
2026-03-28 08:00:00,11.8,431.00000000000006,307,124,622.6,431.00000000000006,3600,0
2026-03-28 09:00:00,14.8,612,472.99999999999994,139,732.3999999999999,612,3600,0
2026-03-28 10:00:00,18,748.0000000000001,602.9999999999999,145,797.1,748.0000000000001,3600,0
2026-03-28 11:00:00,20.6,825,681,144,832.8000000000001,825,3600,0
2026-03-28 12:00:00,22.8,835.0000000000001,689.9999999999999,145,836,835.0000000000001,3600,0
2026-03-28 13:00:00,24.1,755,570,184.99999999999997,731.9,755,3600,54
2026-03-28 14:00:00,24,560,315,245,462.4,560,3600,61
2026-03-28 15:00:00,24.7,364,132,232,244.7,364,3600,87
2026-03-28 16:00:00,24.4,210,47,163,129.5,210,3600,100
2026-03-28 17:00:00,23.8,77,12,65,73.2,77,2084.8,100
2026-03-28 18:00:00,22.9,2,0,2,0,2,396.06,100
2026-03-28 19:00:00,21,0,0,0,0,0,0,100
2026-03-28 20:00:00,19.3,0,0,0,0,0,0,100
2026-03-28 21:00:00,18,0,0,0,0,0,0,100
2026-03-28 22:00:00,17.2,0,0,0,0,0,0,100
2026-03-28 23:00:00,16.8,0,0,0,0,0,0,100
2026-03-29 00:00:00,16.3,0,0,0,0,0,0,100
2026-03-29 01:00:00,15.7,0,0,0,0,0,0,100
2026-03-29 02:00:00,15.8,0,0,0,0,0,0,100
2026-03-29 03:00:00,15.4,0,0,0,0,0,0,100
2026-03-29 04:00:00,15.1,0,0,0,0,0,0,100
2026-03-29 05:00:00,15,0,0,0,0,0,0,100
2026-03-29 06:00:00,14.9,31,0,31,0,31,0,100
2026-03-29 07:00:00,15,107,15,92,47.8,107,0,100
2026-03-29 08:00:00,16,320,158,162,317.3,320,0,78
2026-03-29 09:00:00,17.9,584,416,167.99999999999997,639.7,584,3600,62
2026-03-29 10:00:00,20.2,675,499,176,655.9,675,3600,38
2026-03-29 11:00:00,21.9,561,372,189,452.70000000000005,561,3600,64
2026-03-29 12:00:00,22.6,596,357,239.00000000000003,430.6,596,3600,46
2026-03-29 13:00:00,23.3,559,304,255.00000000000003,388.7,559,3600,100
2026-03-29 14:00:00,23.2,457,241,216,352.1,457,3600,54
2026-03-29 15:00:00,23.3,361,178,183,328.1,361,3600,71
2026-03-29 16:00:00,23.1,217,97,120,265.1,217,3600,58
2026-03-29 17:00:00,22.7,65,13.999999999999998,51,83.9,65,3600,77
2026-03-29 18:00:00,22,2,0,2,0,2,716.33,81
2026-03-29 19:00:00,19.8,0,0,0,0,0,0,74
2026-03-29 20:00:00,18.1,0,0,0,0,0,0,100
2026-03-29 21:00:00,16.5,0,0,0,0,0,0,100
2026-03-29 22:00:00,15.4,0,0,0,0,0,0,100
2026-03-29 23:00:00,14.5,0,0,0,0,0,0,100
2026-03-30 00:00:00,13.9,0,0,0,0,0,0,100
2026-03-30 01:00:00,13.2,0,0,0,0,0,0,100
2026-03-30 02:00:00,12.8,0,0,0,0,0,0,100
2026-03-30 03:00:00,12.4,0,0,0,0,0,0,100
2026-03-30 04:00:00,12.2,0,0,0,0,0,0,100
2026-03-30 05:00:00,11.8,0,0,0,0,0,0,100
2026-03-30 06:00:00,11.1,23,0,23,0,23,0,100
2026-03-30 07:00:00,10.5,85,0,85,0,85,0,100
2026-03-30 08:00:00,10.1,160,0,160,0,160,0,100
2026-03-30 09:00:00,10.6,244,3,241,4.6,244,0,100
2026-03-30 10:00:00,11.3,254.99999999999997,9,246.00000000000003,11.8,254.99999999999997,0,100
2026-03-30 11:00:00,11.7,294,11,283,13.3,294,0,100
2026-03-30 12:00:00,12,237,2,235,2.4,237,0,100
2026-03-30 13:00:00,11.8,243,1,241.99999999999997,1.3,243,0,100
2026-03-30 14:00:00,12.5,295,0,295,0,295,0,100
2026-03-30 15:00:00,12,219,1,218,1.8,219,0,100
2026-03-30 16:00:00,11.4,148,2,146,5.4,148,0,100
2026-03-30 17:00:00,10.7,62.99999999999999,0,63.00000000000001,0,62.99999999999999,0,100
2026-03-30 18:00:00,9.8,3,0,3,0,3,0,100
2026-03-30 19:00:00,8.9,0,0,0,0,0,0,39
2026-03-30 20:00:00,8.1,0,0,0,0,0,0,31
2026-03-30 21:00:00,7.7,0,0,0,0,0,0,46
2026-03-30 22:00:00,7.2,0,0,0,0,0,0,47
2026-03-30 23:00:00,6.9,0,0,0,0,0,0,0
2026-03-31 00:00:00,6.5,0,0,0,0,0,0,0
2026-03-31 01:00:00,6.2,0,0,0,0,0,0,0
2026-03-31 02:00:00,5.7,0,0,0,0,0,0,19
2026-03-31 03:00:00,5.4,0,0,0,0,0,0,59
2026-03-31 04:00:00,5.2,0,0,0,0,0,0,100
2026-03-31 05:00:00,5.1,0,0,0,0,0,0,100
2026-03-31 06:00:00,5,58,7,51,52.4,58,0,100
2026-03-31 07:00:00,5.5,207,65,142,200.8,207,0,100
2026-03-31 08:00:00,7.9,411,221,190,435.6,411,3600,100
2026-03-31 09:00:00,10.5,589,366,223,555.2,589,3600,100
2026-03-31 10:00:00,13.2,700,420,280,546.1,700,3600,100
2026-03-31 11:00:00,15.1,761,464,297,559.4,761,3600,100
2026-03-31 12:00:00,16.6,707,351,355.99999999999994,419.7,707,3600,100
2026-03-31 13:00:00,17.7,620,263,357,333.4,620,3600,100
2026-03-31 14:00:00,18.7,531,250,281,361.9,531,3600,100
2026-03-31 15:00:00,18.9,399,202,197,368.3,399,3600,90
2026-03-31 16:00:00,18.9,223.00000000000003,80,143,215.2,223.00000000000003,3600,100
2026-03-31 17:00:00,18.4,76,14,62,81,76,3600,100
2026-03-31 18:00:00,17.2,3,0,3,0,3,630.27,94
2026-03-31 19:00:00,14.4,0,0,0,0,0,0,67
2026-03-31 20:00:00,12,0,0,0,0,0,0,57
2026-03-31 21:00:00,11.2,0,0,0,0,0,0,53
2026-03-31 22:00:00,10.7,0,0,0,0,0,0,44
2026-03-31 23:00:00,10.6,0,0,0,0,0,0,31
2026-04-01 00:00:00,10.4,0,0,0,0,0,0,4
2026-04-01 01:00:00,9.8,0,0,0,0,0,0,0
2026-04-01 02:00:00,8.8,0,0,0,0,0,0,0
2026-04-01 03:00:00,8.2,0,0,0,0,0,0,0
2026-04-01 04:00:00,7.5,0,0,0,0,0,0,0
2026-04-01 05:00:00,7.4,0,0,0,0,0,0,0
2026-04-01 06:00:00,7.1,70,27,43,198.5,70,0,0
2026-04-01 07:00:00,7.6,252,157,95,477.6,252,3600,0
2026-04-01 08:00:00,10.8,454,320,134,624.9,454,3600,0
2026-04-01 09:00:00,13.8,603,394,209,593.6,603,3600,37
2026-04-01 10:00:00,16.4,763,580,183,750.1,763,3600,39
2026-04-01 11:00:00,17.8,852,703,149,843.6,852,3600,0
2026-04-01 12:00:00,17.5,858,707,151,841.9,858,3600,0
2026-04-01 13:00:00,17.4,798,650,148,820.5,798,3600,0
2026-04-01 14:00:00,17.3,677,539,138,776.8,677,3600,0
2026-04-01 15:00:00,16.4,504,379,125,687.3,504,3600,0
2026-04-01 16:00:00,14.8,300,199,101,531,300,3600,0
2026-04-01 17:00:00,13.1,105,47,57.99999999999999,267.4,105,3600,10
2026-04-01 18:00:00,11.2,5,1,4,17.5,5,3600,29
2026-04-01 19:00:00,9.5,0,0,0,0,0,0,45
2026-04-01 20:00:00,7.9,0,0,0,0,0,0,29
2026-04-01 21:00:00,7.4,0,0,0,0,0,0,18
2026-04-01 22:00:00,7.1,0,0,0,0,0,0,10
2026-04-01 23:00:00,6.6,0,0,0,0,0,0,0
2026-04-02 00:00:00,6.2,0,0,0,0,0,0,54
2026-04-02 01:00:00,6,0,0,0,0,0,0,77
2026-04-02 02:00:00,5.8,0,0,0,0,0,0,100
2026-04-02 03:00:00,6.1,0,0,0,0,0,0,100
2026-04-02 04:00:00,6.5,0,0,0,0,0,0,100
2026-04-02 05:00:00,6.7,0,0,0,0,0,0,100
2026-04-02 06:00:00,6.6,69,24,45,173.3,69,0,38
2026-04-02 07:00:00,7.4,248,151,97,452.7,248,3600,6
2026-04-02 08:00:00,10.5,438,284,154,549.6,438,3600,30
2026-04-02 09:00:00,13.7,584,360.99999999999994,223.00000000000003,540.4,584,3600,35
2026-04-02 10:00:00,16.9,687,410,277,527.4,687,3600,52
2026-04-02 11:00:00,19.6,743,461.00000000000006,282,550.7,743,3600,55
2026-04-02 12:00:00,21.8,786,548,238,649.9,786,3600,50
2026-04-02 13:00:00,23.9,644,413,231,519.2,644,3600,22
2026-04-02 14:00:00,24.7,527,325,202,466.3,527,3600,85
2026-04-02 15:00:00,25.1,354,203,151,366.2,354,3600,76
2026-04-02 16:00:00,25,207,84,123,222.4,207,3600,63
2026-04-02 17:00:00,24.5,69,21,48,117.5,69,3600,69
2026-04-02 18:00:00,23.1,2,0,2,0,2,1726.1,100
2026-04-02 19:00:00,21.4,0,0,0,0,0,0,100
2026-04-02 20:00:00,19.9,0,0,0,0,0,0,100
2026-04-02 21:00:00,18.8,0,0,0,0,0,0,100
2026-04-02 22:00:00,17.8,0,0,0,0,0,0,100
2026-04-02 23:00:00,16.9,0,0,0,0,0,0,100
2026-04-03 00:00:00,16.5,0,0,0,0,0,0,100
2026-04-03 01:00:00,16.1,0,0,0,0,0,0,100
2026-04-03 02:00:00,16.3,0,0,0,0,0,0,100
2026-04-03 03:00:00,15.9,0,0,0,0,0,0,100
2026-04-03 04:00:00,15.5,0,0,0,0,0,0,95
2026-04-03 05:00:00,15.1,1,0,1,0,0,0,100
2026-04-03 06:00:00,14.9,68,18,50,127.7,68,0,100
2026-04-03 07:00:00,15.4,229,115.99999999999999,113,342.8,229,2165.33,100
2026-04-03 08:00:00,16.9,368,194.99999999999997,173,374,368,3600,70
2026-04-03 09:00:00,19.1,524,311,212.99999999999997,462.5,524,3600,62
2026-04-03 10:00:00,21.1,657,412.99999999999994,244.00000000000003,528.6,657,3600,65
2026-04-03 11:00:00,22.9,734.0000000000001,491.00000000000006,243,584,734.0000000000001,3600,69
2026-04-03 12:00:00,24.6,823,642,181,758.2,823,3600,47
2026-04-03 13:00:00,25.9,791,642,149,803.9000000000001,791,3600,18
2026-04-03 14:00:00,25.9,603,410,193.00000000000003,585.8,603,3600,93
2026-04-03 15:00:00,25.7,221,45,176,80.7,221,3600,100
2026-04-03 16:00:00,24.7,90,7,83,18.4,90,622.46,100
2026-04-03 17:00:00,23.5,21,0,21,0,21,0,100
2026-04-03 18:00:00,20.3,2,0,2,0,2,0,97
2026-04-03 19:00:00,18.2,0,0,0,0,0,0,100
2026-04-03 20:00:00,16.6,0,0,0,0,0,0,100
2026-04-03 21:00:00,16,0,0,0,0,0,0,81
2026-04-03 22:00:00,15.6,0,0,0,0,0,0,85
2026-04-03 23:00:00,15.4,0,0,0,0,0,0,65
2026-04-04 00:00:00,15.2,0,0,0,0,0,0,0
2026-04-04 01:00:00,9.6,0,0,0,0,0,0,73
2026-04-04 02:00:00,7.6,0,0,0,0,0,0,94
2026-04-04 03:00:00,6.6,0,0,0,0,0,0,73
2026-04-04 04:00:00,6.2,0,0,0,0,0,0,70
2026-04-04 05:00:00,5.8,1,0,1,0,0,0,74
2026-04-04 06:00:00,5.5,59,12,47,83.7,59,0,78
2026-04-04 07:00:00,5.7,220,88,132,256.4,220,749.9,72
2026-04-04 08:00:00,7,411,203,208.00000000000003,386.00000000000006,411,3600,55
2026-04-04 09:00:00,8.1,642,425,217,628.1,642,3600,42
2026-04-04 10:00:00,9.6,799,608,191,774.1999999999999,799,3600,31
2026-04-04 11:00:00,11.1,880,716.9999999999999,163,849.1,880,3600,11
2026-04-04 12:00:00,12.3,886.9999999999999,729.9999999999999,157,858.6999999999999,886.9999999999999,3600,0
2026-04-04 13:00:00,13.1,826,676,150,843.1,826,3600,0
2026-04-04 14:00:00,13.4,702,563,139,801,702,3600,0
2026-04-04 15:00:00,13.7,528,405,123,723,528,3600,0
2026-04-04 16:00:00,13.7,323,223.99999999999997,99,584.4,323,3600,0
2026-04-04 17:00:00,13.6,120.00000000000001,61,59,330.7,120.00000000000001,3600,0
2026-04-04 18:00:00,13.2,6,1,5,16.3,6,3600,0
2026-04-04 19:00:00,12,0,0,0,0,0,0,0
2026-04-04 20:00:00,11.5,0,0,0,0,0,0,0
2026-04-04 21:00:00,10.9,0,0,0,0,0,0,0
2026-04-04 22:00:00,10.5,0,0,0,0,0,0,0
2026-04-04 23:00:00,10.4,0,0,0,0,0,0,0
2026-04-05 00:00:00,10.3,0,0,0,0,0,0,0
2026-04-05 01:00:00,10.2,0,0,0,0,0,0,0
2026-04-05 02:00:00,10.6,0,0,0,0,0,0,0
2026-04-05 03:00:00,10.5,0,0,0,0,0,0,0
2026-04-05 04:00:00,10.3,0,0,0,0,0,0,17
2026-04-05 05:00:00,10.4,1,0,1,0,1,0,36
2026-04-05 06:00:00,10.6,76,26,50,177.9,76,0,48
2026-04-05 07:00:00,11.1,261,161,100,462.59999999999997,261,3537.24,38
2026-04-05 08:00:00,13.8,473.99999999999994,351,123.00000000000001,661.8,473.99999999999994,3600,0
2026-04-05 09:00:00,16.4,654,520,134,763.7,654,3600,0
2026-04-05 10:00:00,18.3,785.9999999999999,647,139,819.8,785.9999999999999,3600,0
2026-04-05 11:00:00,19.9,859.9999999999999,720,140,849,859.9999999999999,3600,0
2026-04-05 12:00:00,21.4,871.0000000000001,731.0000000000001,140,856.6,871.0000000000001,3600,0
2026-04-05 13:00:00,22.5,806,650,155.99999999999997,807.6,806,3600,35
2026-04-05 14:00:00,22.4,688,548,140,776.4,688,3600,15
2026-04-05 15:00:00,20.5,522,407,115,722.9,522,3600,0
2026-04-05 16:00:00,18.8,322,227,95,587.9,322,3600,0
2026-04-05 17:00:00,17.6,119.99999999999999,62,58,331,119.99999999999999,3600,0
2026-04-05 18:00:00,16.1,6,1,5,15.899999999999999,6,3600,0
2026-04-05 19:00:00,14.5,0,0,0,0,0,0,0
2026-04-05 20:00:00,13.2,0,0,0,0,0,0,0
2026-04-05 21:00:00,12.2,0,0,0,0,0,0,0
2026-04-05 22:00:00,11.9,0,0,0,0,0,0,44
2026-04-05 23:00:00,11.2,0,0,0,0,0,0,35
2026-04-06 00:00:00,11.2,0,0,0,0,0,0,64
2026-04-06 01:00:00,10.2,0,0,0,0,0,0,47
2026-04-06 02:00:00,10.5,0,0,0,0,0,0,100
2026-04-06 03:00:00,10.4,0,0,0,0,0,0,73
2026-04-06 04:00:00,10.2,0,0,0,0,0,0,63
2026-04-06 05:00:00,9.5,2,0,2,0,2,0,0
2026-04-06 06:00:00,8.8,93,42,51,278,93,0,0
2026-04-06 07:00:00,8.9,289,192,97,544.4,289,3600,0
2026-04-06 08:00:00,11.1,505.00000000000006,383,122,716.1,505.00000000000006,3600,0
2026-04-06 09:00:00,12.8,688,553,135,807.3,688,3600,0
2026-04-06 10:00:00,14.9,820.9999999999999,678.0000000000001,143,854.8999999999999,820.9999999999999,3600,0
2026-04-06 11:00:00,15.8,891.0000000000001,741,150,870.1,891.0000000000001,3600,0
2026-04-06 12:00:00,16.8,894,744,150,868.5,894,3600,0
2026-04-06 13:00:00,17.6,833,689,144,852.8,833,3600,0
2026-04-06 14:00:00,17.3,706,573,133,808.5,706,3600,0
2026-04-06 15:00:00,17.8,534,417,117,737.1,534,3600,0
2026-04-06 16:00:00,18,328,233,95,599.1,328,3600,0
2026-04-06 17:00:00,18,122.99999999999999,65,58,341.8,122.99999999999999,3600,0
2026-04-06 18:00:00,17.3,7,1,6,15.599999999999998,7,3600,0
2026-04-06 19:00:00,15.4,0,0,0,0,0,0,0
2026-04-06 20:00:00,12.9,0,0,0,0,0,0,0
2026-04-06 21:00:00,11.9,0,0,0,0,0,0,0
2026-04-06 22:00:00,10.8,0,0,0,0,0,0,0
2026-04-06 23:00:00,10,0,0,0,0,0,0,0
2026-04-07 00:00:00,9.3,0,0,0,0,0,0,0
2026-04-07 01:00:00,8.6,0,0,0,0,0,0,0
2026-04-07 02:00:00,7.9,0,0,0,0,0,0,68
2026-04-07 03:00:00,7.9,0,0,0,0,0,0,66
2026-04-07 04:00:00,7.7,0,0,0,0,0,0,66
2026-04-07 05:00:00,7.3,2,0,2,0,2,0,51
2026-04-07 06:00:00,6.8,81,28,53,179.6,81,0,45
2026-04-07 07:00:00,7.2,267,160,107,447.7,267,3587.48,46
2026-04-07 08:00:00,9.2,490,360,130,667.6,490,3600,13
2026-04-07 09:00:00,11.1,673,532,140.99999999999997,772,673,3600,4
2026-04-07 10:00:00,12.7,798,637.9999999999999,160,800.7,798,3600,0
2026-04-07 11:00:00,14,862.0000000000001,685,177,801.1,862.0000000000001,3600,33
2026-04-07 12:00:00,15.1,874.9999999999999,711,164,826.9,874.9999999999999,3600,31
2026-04-07 13:00:00,16,824,681,143,839.7999999999998,824,3600,8
2026-04-07 14:00:00,15.7,703,570,133,801.1,703,3600,0
2026-04-07 15:00:00,16.2,531,414,117,728.2,531,3600,0
2026-04-07 16:00:00,16.1,327,232,95,592.3,327,3600,0
2026-04-07 17:00:00,15.1,125,66,59,341.9,125,3600,0
2026-04-07 18:00:00,13.7,7,1,6,15.2,7,3600,0
2026-04-07 19:00:00,12.6,0,0,0,0,0,0,0
2026-04-07 20:00:00,12.5,0,0,0,0,0,0,0
2026-04-07 21:00:00,11.5,0,0,0,0,0,0,0
2026-04-07 22:00:00,10.7,0,0,0,0,0,0,0
2026-04-07 23:00:00,10.1,0,0,0,0,0,0,0
2026-04-08 00:00:00,9.6,0,0,0,0,0,0,0
2026-04-08 01:00:00,9.3,0,0,0,0,0,0,0
2026-04-08 02:00:00,9.1,0,0,0,0,0,0,0
2026-04-08 03:00:00,8.7,0,0,0,0,0,0,11
2026-04-08 04:00:00,8.5,0,0,0,0,0,0,4
2026-04-08 05:00:00,8.4,3,0,3,0,3,0,36
2026-04-08 06:00:00,8.2,92,34,58,211.6,92,0,100
2026-04-08 07:00:00,8.9,284,180,104,497.3,284,3600,7
2026-04-08 08:00:00,11.2,484,337,147,620,484,3600,0
2026-04-08 09:00:00,13.5,607,373,234,538.2,607,3600,70
2026-04-08 10:00:00,15.3,592,242,350,302.3,592,3600,100
2026-04-08 11:00:00,16.1,722,420.00000000000006,302,489.2,722,3600,93
2026-04-08 12:00:00,17.7,789.9999999999999,523,267,606,789.9999999999999,3600,64
2026-04-08 13:00:00,18.9,509,186,323,228.5,509,3600,88
2026-04-08 14:00:00,19.1,354,75,279,105,354,3600,100
2026-04-08 15:00:00,17.5,201,18,183,31.5,201,1349.84,100
2026-04-08 16:00:00,16.1,130,5,125,12.7,130,0,100
2026-04-08 17:00:00,14.9,28,0,27.999999999999996,0,28,0,100
2026-04-08 18:00:00,13.6,3,0,3,0,3,0,100
2026-04-08 19:00:00,12.5,0,0,0,0,0,0,100
2026-04-08 20:00:00,11.8,0,0,0,0,0,0,100
2026-04-08 21:00:00,10.9,0,0,0,0,0,0,100
2026-04-08 22:00:00,10.4,0,0,0,0,0,0,100
2026-04-08 23:00:00,9.9,0,0,0,0,0,0,100
2026-04-09 00:00:00,9.7,0,0,0,0,0,0,100
2026-04-09 01:00:00,9.7,0,0,0,0,0,0,100
2026-04-09 02:00:00,10,0,0,0,0,0,0,100
2026-04-09 03:00:00,10.2,0,0,0,0,0,0,100
2026-04-09 04:00:00,10.4,0,0,0,0,0,0,100
2026-04-09 05:00:00,10.5,0,0,0,0,0,0,100
2026-04-09 06:00:00,10.6,7,0,7,0,7,0,100
2026-04-09 07:00:00,10.6,22,0,22,0,22,0,100
2026-04-09 08:00:00,10.8,23,0,23,0,23,0,100
2026-04-09 09:00:00,10.9,46,0,46,0,46,0,100
2026-04-09 10:00:00,11.1,70,0,70,0,70,0,100
2026-04-09 11:00:00,11.3,47,0,47,0,47,0,100
2026-04-09 12:00:00,11.5,75,0,75,0,75,0,100
2026-04-09 13:00:00,11.7,126,1,125,1.2,126,0,100
2026-04-09 14:00:00,12.6,150,3,147,4.2,150,0,100
2026-04-09 15:00:00,13.1,146,11,135,19.2,146,0,100
2026-04-09 16:00:00,13.7,72,7,65,17.6,72,0,100
2026-04-09 17:00:00,13.7,30.999999999999996,0,31,0,30.999999999999996,0,100
2026-04-09 18:00:00,13.6,2,0,2,0,2,0,100
2026-04-09 19:00:00,13.2,0,0,0,0,0,0,100
2026-04-09 20:00:00,12.8,0,0,0,0,0,0,99
2026-04-09 21:00:00,12.6,0,0,0,0,0,0,92
2026-04-09 22:00:00,12.3,0,0,0,0,0,0,96
2026-04-09 23:00:00,12.1,0,0,0,0,0,0,81
2026-04-10 00:00:00,11.9,0,0,0,0,0,0,94
2026-04-10 01:00:00,11.9,0,0,0,0,0,0,98
2026-04-10 02:00:00,12.1,0,0,0,0,0,0,96
2026-04-10 03:00:00,12,0,0,0,0,0,0,96
2026-04-10 04:00:00,11.8,0,0,0,0,0,0,83
2026-04-10 05:00:00,11.6,3,0,3,0,3,0,75
2026-04-10 06:00:00,11.4,81,23,58,135.2,81,0,68
2026-04-10 07:00:00,11.9,248,116,132,312.8,248,2256.05,54
2026-04-10 08:00:00,13.2,409,205,203.99999999999997,371.4,409,3600,54
2026-04-10 09:00:00,15.2,482.99999999999994,262,221,373.8,482.99999999999994,3600,73
2026-04-10 10:00:00,16.8,715.9999999999999,485,230.99999999999997,600.5,715.9999999999999,3600,52
2026-04-10 11:00:00,18.6,866,673,193,777.9,866,3600,30
2026-04-10 12:00:00,20.3,856,666,190,766.3,856,3600,27
2026-04-10 13:00:00,21.7,824,667,157,813.9,824,3600,16
2026-04-10 14:00:00,22.1,705,560,145,778,705,3600,23
2026-04-10 15:00:00,22.5,537,420,117,728.4,537,3600,12
2026-04-10 16:00:00,22.5,337,242.99999999999997,94,607.8,337,3600,4
2026-04-10 17:00:00,22.2,133,74,59,367.3,133,3600,0
2026-04-10 18:00:00,21,10,2,8,28.600000000000005,10,3600,0
2026-04-10 19:00:00,19,0,0,0,0,0,0,0
2026-04-10 20:00:00,18.3,0,0,0,0,0,0,0
2026-04-10 21:00:00,17.2,0,0,0,0,0,0,0
2026-04-10 22:00:00,16.2,0,0,0,0,0,0,0
2026-04-10 23:00:00,15.5,0,0,0,0,0,0,0
2026-04-11 00:00:00,15.1,0,0,0,0,0,0,0
2026-04-11 01:00:00,14.8,0,0,0,0,0,0,15
2026-04-11 02:00:00,14.9,0,0,0,0,0,0,0
2026-04-11 03:00:00,14.6,0,0,0,0,0,0,0
2026-04-11 04:00:00,14.2,0,0,0,0,0,0,0
2026-04-11 05:00:00,13.9,4,0,4,0,4,0,0
2026-04-11 06:00:00,13.9,107,49,58,280.5,107,0,0
2026-04-11 07:00:00,14,299,197,102,525,299,3600,0
2026-04-11 08:00:00,16.2,491.99999999999994,346,146,622.3,491.99999999999994,3600,15
2026-04-11 09:00:00,17.9,642,438,204,621.6,642,3600,100
2026-04-11 10:00:00,19.9,754,508,245.99999999999997,626.2,754,3600,100
2026-04-11 11:00:00,21.7,825.0000000000001,570,255,656.5,825.0000000000001,3600,100
2026-04-11 12:00:00,23.2,835.0000000000001,592,243,678.8,835.0000000000001,3600,100
2026-04-11 13:00:00,24.4,757,503,254,611.7,757,3600,100
2026-04-11 14:00:00,24.9,630,371,259,513.5,630,3600,100
2026-04-11 15:00:00,25.4,449,217,232,374.6,449,3600,100
2026-04-11 16:00:00,25.3,263,86.99999999999999,176,216.2,263,3600,100
2026-04-11 17:00:00,24.8,102.99999999999999,15,88,73.4,102.99999999999999,3600,100
2026-04-11 18:00:00,24,8,0,8,0,8,403.14,100
2026-04-11 19:00:00,21.8,0,0,0,0,0,0,100
2026-04-11 20:00:00,20,0,0,0,0,0,0,100
2026-04-11 21:00:00,18.6,0,0,0,0,0,0,100
2026-04-11 22:00:00,17.5,0,0,0,0,0,0,92
2026-04-11 23:00:00,16.5,0,0,0,0,0,0,80
2026-04-12 00:00:00,15.7,0,0,0,0,0,0,98
2026-04-12 01:00:00,15.1,0,0,0,0,0,0,91
2026-04-12 02:00:00,13.6,0,0,0,0,0,0,11
2026-04-12 03:00:00,13.2,0,0,0,0,0,0,21
2026-04-12 04:00:00,12.9,0,0,0,0,0,0,13
2026-04-12 05:00:00,12.5,5,0,5,0,5,0,33
2026-04-12 06:00:00,12.2,108,44,64,245.5,108,0,37
2026-04-12 07:00:00,13.1,297,176,121,463.8,297,3600,91
2026-04-12 08:00:00,15.2,498,331,167,591.1,498,3600,100
2026-04-12 09:00:00,17.7,669,469.00000000000006,200.00000000000003,662.1,669,3600,100
2026-04-12 10:00:00,20.1,792.0000000000001,572,220,702.2,792.0000000000001,3600,100
2026-04-12 11:00:00,22.3,852,610,242,700,852,3600,100
2026-04-12 12:00:00,23.8,856,620,236,708.6,856,3600,100
2026-04-12 13:00:00,24.7,795,575,220,696.9,795,3600,100
2026-04-12 14:00:00,26.2,703,558,145,769.6,703,3600,100
2026-04-12 15:00:00,26.1,537,418,119,718.4,537,3600,25
2026-04-12 16:00:00,25.6,336,241.99999999999997,94,597.3,336,3600,3
2026-04-12 17:00:00,24.6,134,74,60,357.4,134,3600,0
2026-04-12 18:00:00,22.4,10,2,8,27.5,10,3600,0
2026-04-12 19:00:00,19.6,0,0,0,0,0,0,0
2026-04-12 20:00:00,18.3,0,0,0,0,0,0,0
2026-04-12 21:00:00,16.8,0,0,0,0,0,0,0
2026-04-12 22:00:00,15.9,0,0,0,0,0,0,0
2026-04-12 23:00:00,15.2,0,0,0,0,0,0,63
2026-04-13 00:00:00,14.5,0,0,0,0,0,0,29
2026-04-13 01:00:00,13.8,0,0,0,0,0,0,55
2026-04-13 02:00:00,13.7,0,0,0,0,0,0,100
2026-04-13 03:00:00,13.1,0,0,0,0,0,0,94
2026-04-13 04:00:00,12.6,0,0,0,0,0,0,42
2026-04-13 05:00:00,12.2,6,0,6,0,6,0,100
2026-04-13 06:00:00,11.9,107,39,68,212.4,107,0,65
2026-04-13 07:00:00,12.7,266,118.00000000000001,148,307.6,266,3600,73
2026-04-13 08:00:00,15,363,95,268,168.5,363,3600,100
2026-04-13 09:00:00,16.8,470,128,342,179.80000000000004,470,3254.51,100
2026-04-13 10:00:00,18.4,573,183,390,223.70000000000002,573,3593.54,100
2026-04-13 11:00:00,19.8,802,491,311,561.5,802,3600,100
2026-04-13 12:00:00,21.7,844,609,235,693.8,844,3600,93
2026-04-13 13:00:00,22.9,825,679,146,820.3,825,3600,23
2026-04-13 14:00:00,23.8,709,577,132,793,709,3600,16
2026-04-13 15:00:00,24.1,539,423,116,723.8,539,3600,0
2026-04-13 16:00:00,23.9,329,225,104,551.8,329,3600,0
2026-04-13 17:00:00,23.4,120.00000000000001,37.99999999999999,82,181.1,120.00000000000001,3600,100
2026-04-13 18:00:00,22.5,10,0,10,0,10,3600,100
2026-04-13 19:00:00,20.5,0,0,0,0,0,0,100
2026-04-13 20:00:00,18.9,0,0,0,0,0,0,100
2026-04-13 21:00:00,17,0,0,0,0,0,0,100
2026-04-13 22:00:00,16,0,0,0,0,0,0,100
2026-04-13 23:00:00,15.6,0,0,0,0,0,0,100
2026-04-14 00:00:00,15.4,0,0,0,0,0,0,100
2026-04-14 01:00:00,15.4,0,0,0,0,0,0,100
2026-04-14 02:00:00,15.5,0,0,0,0,0,0,100
2026-04-14 03:00:00,15.3,0,0,0,0,0,0,100
2026-04-14 04:00:00,14.9,0,0,0,0,0,0,100
2026-04-14 05:00:00,14.3,5,0,5,0,5,0,98
2026-04-14 06:00:00,14,67,5,62,26.6,67,0,98
2026-04-14 07:00:00,14.4,188,38,150,98,188,0,100
2026-04-14 08:00:00,16.1,425,235.99999999999997,189,415.7,425,1139.48,81
2026-04-14 09:00:00,18.1,616,403,213,563.2,616,3600,60
2026-04-14 10:00:00,20.4,765.0000000000001,536,229.00000000000003,652.6999999999999,765.0000000000001,3600,78
2026-04-14 11:00:00,22.5,849,617,232.00000000000003,703.0999999999999,849,3600,76
2026-04-14 12:00:00,24,871.9999999999999,688,184,781.2999999999998,871.9999999999999,3600,73
2026-04-14 13:00:00,25,831,688.9999999999999,142,829.7,831,3600,10
2026-04-14 14:00:00,25,693,532,161,728.6,693,3600,84
2026-04-14 15:00:00,25.3,484,283,201,482.2,484,3600,100
2026-04-14 16:00:00,25,271,94,177,229.10000000000002,271,3600,100
2026-04-14 17:00:00,24.5,110.00000000000001,19,91,89.4,110.00000000000001,3600,100
2026-04-14 18:00:00,23.3,10,0,10,0,10,881.65,100
2026-04-14 19:00:00,20.8,0,0,0,0,0,0,100
2026-04-14 20:00:00,18.2,0,0,0,0,0,0,100
2026-04-14 21:00:00,17.2,0,0,0,0,0,0,100
2026-04-14 22:00:00,16.4,0,0,0,0,0,0,87
2026-04-14 23:00:00,16,0,0,0,0,0,0,13
2026-04-15 00:00:00,15.2,0,0,0,0,0,0,22
2026-04-15 01:00:00,13.9,0,0,0,0,0,0,46
2026-04-15 02:00:00,12.7,0,0,0,0,0,0,21
2026-04-15 03:00:00,12.6,0,0,0,0,0,0,57
2026-04-15 04:00:00,12.4,0,0,0,0,0,0,98
2026-04-15 05:00:00,11.9,7,0,7,0,7,0,100
2026-04-15 06:00:00,11.1,99,18,81,93.5,99,0,100
2026-04-15 07:00:00,11.7,294,171,123,436.3,294,1005.73,100
2026-04-15 08:00:00,15,505.99999999999994,361,145,631.6,505.99999999999994,3600,16
2026-04-15 09:00:00,17.9,693,553,140,769,693,3600,0
2026-04-15 10:00:00,21.1,822.0000000000001,677,145,821.2,822.0000000000001,3600,0
2026-04-15 11:00:00,23.4,891.9999999999999,747.0000000000001,145,848.3999999999999,891.9999999999999,3600,0
2026-04-15 12:00:00,25.2,896,755,141,854.7000000000002,896,3600,0
2026-04-15 13:00:00,26.2,835,699,136,839.2,835,3600,0
2026-04-15 14:00:00,25.7,716,588,128,802.5,716,3600,0
2026-04-15 15:00:00,25.9,544,426,118,722.7,544,3600,0
2026-04-15 16:00:00,25.7,330,213,117,515.8,330,3600,65
2026-04-15 17:00:00,25.2,120,32,88,148.6,120,3600,100
2026-04-15 18:00:00,23.5,11,0,11,0,11,2658.84,100
2026-04-15 19:00:00,20.8,0,0,0,0,0,0,100
2026-04-15 20:00:00,20.1,0,0,0,0,0,0,100
2026-04-15 21:00:00,19.2,0,0,0,0,0,0,100
2026-04-15 22:00:00,18.2,0,0,0,0,0,0,100
2026-04-15 23:00:00,17.4,0,0,0,0,0,0,100
2026-04-16 00:00:00,17,0,0,0,0,0,0,100
2026-04-16 01:00:00,16.6,0,0,0,0,0,0,100
2026-04-16 02:00:00,16.6,0,0,0,0,0,0,100
2026-04-16 03:00:00,16.1,0,0,0,0,0,0,100
2026-04-16 04:00:00,15.5,0,0,0,0,0,0,100
2026-04-16 05:00:00,15.2,6,0,6,0,6,0,100
2026-04-16 06:00:00,14.9,61,1,60,5.1,61,0,100
2026-04-16 07:00:00,15.2,170,11,159,27.8,170,0,100
2026-04-16 08:00:00,16.8,335,92,243,159.9,335,0,100
2026-04-16 09:00:00,18.8,449,119.00000000000001,330.00000000000006,164.70000000000002,449,2996.94,100
2026-04-16 10:00:00,20.4,416,77,339,93,416,3140.73,100
2026-04-16 11:00:00,20.8,340,43,297,48.70000000000001,340,991.13,99
2026-04-16 12:00:00,21,351,69,282,77.9,351,0,100
2026-04-16 13:00:00,21.2,327,72,255,86.2,327,536.11,100
2026-04-16 14:00:00,21.6,266,28.000000000000004,238,38.1,266,785.15,100
2026-04-16 15:00:00,21.1,137,3,134,5.1,137,0,100
2026-04-16 16:00:00,20.4,77,1,76,2.4,77,0,100
2026-04-16 17:00:00,19.5,38,0,38,0,38,0,100
2026-04-16 18:00:00,18.6,3,0,3,0,3,0,100
2026-04-16 19:00:00,17.3,0,0,0,0,0,0,100
2026-04-16 20:00:00,16,0,0,0,0,0,0,93
2026-04-16 21:00:00,15.2,0,0,0,0,0,0,100
2026-04-16 22:00:00,14.7,0,0,0,0,0,0,93
2026-04-16 23:00:00,14.4,0,0,0,0,0,0,93
2026-04-17 00:00:00,14,0,0,0,0,0,0,87
2026-04-17 01:00:00,13.7,0,0,0,0,0,0,79
2026-04-17 02:00:00,13.7,0,0,0,0,0,0,94
2026-04-17 03:00:00,13.5,0,0,0,0,0,0,88
2026-04-17 04:00:00,13.1,0,0,0,0,0,0,69
2026-04-17 05:00:00,12.8,9,1,8,14.4,9,0,87
2026-04-17 06:00:00,12.6,117,47,70,233.7,117,0,60
2026-04-17 07:00:00,13.4,313,202,111,504.9,313,3600,30
2026-04-17 08:00:00,15.4,524,400,124,690.6999999999999,524,3600,0
2026-04-17 09:00:00,17.8,698.9999999999999,562,137,774.1,698.9999999999999,3600,0
2026-04-17 10:00:00,19.9,825.0000000000001,680,145,818.5,825.0000000000001,3600,0
2026-04-17 11:00:00,21.5,890,738,152,832.7,890,3600,0
2026-04-17 12:00:00,22.8,890,730,160,821.4,890,3600,0
2026-04-17 13:00:00,23.7,828,664,164,792.3,828,3600,11
2026-04-17 14:00:00,23.4,705,551,154,747,705,3600,23
2026-04-17 15:00:00,23.9,538,401,137,674.6,538,3600,8
2026-04-17 16:00:00,23.9,341,234.99999999999997,106,562.1,341,3600,16
2026-04-17 17:00:00,23.6,143,78,65,353.3,143,3600,5
2026-04-17 18:00:00,23,13.999999999999998,3,11,37.6,13.999999999999998,3600,0
2026-04-17 19:00:00,21.1,0,0,0,0,0,0,0
2026-04-17 20:00:00,20,0,0,0,0,0,0,0
2026-04-17 21:00:00,18.6,0,0,0,0,0,0,0
2026-04-17 22:00:00,17.3,0,0,0,0,0,0,0
2026-04-17 23:00:00,16.4,0,0,0,0,0,0,0
2026-04-18 00:00:00,15.6,0,0,0,0,0,0,0
2026-04-18 01:00:00,15,0,0,0,0,0,0,0
2026-04-18 02:00:00,14.7,0,0,0,0,0,0,0
2026-04-18 03:00:00,14.4,0,0,0,0,0,0,0
2026-04-18 04:00:00,14,0,0,0,0,0,0,0
2026-04-18 05:00:00,13.6,10,1,9,13.9,10,0,0
2026-04-18 06:00:00,13.4,127,60,67,292.1,127,0,0
2026-04-18 07:00:00,14.3,321,212,108.99999999999999,524.6,321,3600,0
2026-04-18 08:00:00,16.6,527,394,133,676,527,3600,0
2026-04-18 09:00:00,19.2,702,556,146.00000000000003,762.2999999999998,702,3600,0
2026-04-18 10:00:00,21.8,829.0000000000001,678,151,813.1,829.0000000000001,3600,0
2026-04-18 11:00:00,24.3,899,748.0000000000001,151,841.2999999999998,899,3600,0
2026-04-18 12:00:00,26.4,902,756,146,848.1000000000001,902,3600,0
2026-04-18 13:00:00,27.7,840,701,139,834,840,3600,0
2026-04-18 14:00:00,27.7,717,589,128,795.9,717,3600,0
2026-04-18 15:00:00,27.9,548,433,115,725.5,548,3600,0
2026-04-18 16:00:00,27.6,348,253,95,601.5,348,3600,0
2026-04-18 17:00:00,26.9,146,83,63,371.4,146,3600,0
2026-04-18 18:00:00,25.2,14,3,11,37,14,3600,0
2026-04-18 19:00:00,22.5,0,0,0,0,0,0,0
2026-04-18 20:00:00,20.7,0,0,0,0,0,0,0
2026-04-18 21:00:00,19.3,0,0,0,0,0,0,0
2026-04-18 22:00:00,18.3,0,0,0,0,0,0,0
2026-04-18 23:00:00,17.5,0,0,0,0,0,0,0
2026-04-19 00:00:00,16.8,0,0,0,0,0,0,0
2026-04-19 01:00:00,16.1,0,0,0,0,0,0,0
2026-04-19 02:00:00,16,0,0,0,0,0,0,0
2026-04-19 03:00:00,15.4,0,0,0,0,0,0,0
2026-04-19 04:00:00,14.9,0,0,0,0,0,0,0
2026-04-19 05:00:00,14.4,12,2,10,27,12,0,0
2026-04-19 06:00:00,14,137,68,69,324.3,137,0,0
2026-04-19 07:00:00,14.9,337,228,109.00000000000001,558.8,337,3600,0
2026-04-19 08:00:00,17.2,546,413,133,704.2,546,3600,0
2026-04-19 09:00:00,19.7,723.0000000000001,578,145,788.9,723.0000000000001,3600,0
2026-04-19 10:00:00,22.2,849.0000000000001,698,151,834.0999999999999,849.0000000000001,3600,0
2026-04-19 11:00:00,24.4,914.9999999999999,762.9999999999999,152,855.5,914.9999999999999,3600,0
2026-04-19 12:00:00,25.7,882,678,203.99999999999997,758.4,882,3600,0
2026-04-19 13:00:00,26.4,604,212,392.00000000000006,251.5,604,3600,100
2026-04-19 14:00:00,26.5,630,367,263,494.30000000000007,630,3600,100
2026-04-19 15:00:00,26.8,529,366,163,610.7,529,3600,33
2026-04-19 16:00:00,26.6,306,142,163.99999999999997,335.6,306,3600,100
2026-04-19 17:00:00,26,132,43,89,190.1,132,3600,100
2026-04-19 18:00:00,24.4,13,0,13,0,13,3600,100
2026-04-19 19:00:00,22.5,0,0,0,0,0,0,100
2026-04-19 20:00:00,21,0,0,0,0,0,0,100
2026-04-19 21:00:00,20.2,0,0,0,0,0,0,100
2026-04-19 22:00:00,18.8,0,0,0,0,0,0,100
2026-04-19 23:00:00,16.8,0,0,0,0,0,0,100
2026-04-20 00:00:00,15.6,0,0,0,0,0,0,100
2026-04-20 01:00:00,14.6,0,0,0,0,0,0,100
2026-04-20 02:00:00,12.4,0,0,0,0,0,0,100
2026-04-20 03:00:00,11.2,0,0,0,0,0,0,100
2026-04-20 04:00:00,10.9,0,0,0,0,0,0,100
2026-04-20 05:00:00,10.8,4,0,4,0,4,0,100
2026-04-20 06:00:00,11.1,53,0,53,0,53,0,100
2026-04-20 07:00:00,11.4,190,23,167,55.800000000000004,190,0,100
2026-04-20 08:00:00,12.4,450,235,214.99999999999997,397.9,450,0,87
2026-04-20 09:00:00,13.6,669,463,206,628.7,669,3600,0
2026-04-20 10:00:00,14.1,796.9999999999999,570,227.00000000000003,678.4,796.9999999999999,3600,0
2026-04-20 11:00:00,15,860.0000000000001,624,236,697.4,860.0000000000001,3600,0
2026-04-20 12:00:00,16.1,862.9999999999999,628,235,700.5,862.9999999999999,3600,0
2026-04-20 13:00:00,16.8,803,576,227,681.4,803,3600,8
2026-04-20 14:00:00,17.6,680,470,210,631.2,680,3600,0
2026-04-20 15:00:00,17.9,511,329,182,547.2,511,3600,0
2026-04-20 16:00:00,18.1,316,174,142,409.3,316,3600,2
2026-04-20 17:00:00,18,132,48,84,210.3,132,3600,0
2026-04-20 18:00:00,16.7,16,2,14,24,16,3600,0
2026-04-20 19:00:00,13.9,0,0,0,0,0,0,32
2026-04-20 20:00:00,12.6,0,0,0,0,0,0,2
2026-04-20 21:00:00,12.3,0,0,0,0,0,0,0
2026-04-20 22:00:00,11.3,0,0,0,0,0,0,11
2026-04-20 23:00:00,10.4,0,0,0,0,0,0,48
2026-04-21 00:00:00,9.8,0,0,0,0,0,0,65
2026-04-21 01:00:00,9.1,0,0,0,0,0,0,62
2026-04-21 02:00:00,8.6,0,0,0,0,0,0,81
2026-04-21 03:00:00,8.5,0,0,0,0,0,0,100
2026-04-21 04:00:00,8.5,0,0,0,0,0,0,99
2026-04-21 05:00:00,7.7,10,0,10,0,10,0,100
2026-04-21 06:00:00,8.9,84,5,79,22.9,84,0,100
2026-04-21 07:00:00,10.7,175,15,160,36,175,0,100
2026-04-21 08:00:00,12.8,234.99999999999997,13,222,21.9,234.99999999999997,0,100
2026-04-21 09:00:00,14.6,292,18,274,24.3,292,0,100
2026-04-21 10:00:00,16.5,401.99999999999994,63,338.99999999999994,74.7,401.99999999999994,0,100
2026-04-21 11:00:00,18.6,366,24,342,26.699999999999996,366,441.72,100
2026-04-21 12:00:00,19.3,350,53,297,59,350,0,100
2026-04-21 13:00:00,19.7,285,21,264,24.8,285,0,100
2026-04-21 14:00:00,19.4,267,20,247,26.800000000000004,267,0,100
2026-04-21 15:00:00,18.8,142,1,141,1.7,142,0,100
2026-04-21 16:00:00,18,94,0,94,0,94,0,100
2026-04-21 17:00:00,17.3,35,0,35,0,35,0,100
2026-04-21 18:00:00,16.4,3,0,3,0,3,0,100
2026-04-21 19:00:00,15.5,0,0,0,0,0,0,100
2026-04-21 20:00:00,14.9,0,0,0,0,0,0,100
2026-04-21 21:00:00,14.1,0,0,0,0,0,0,100
2026-04-21 22:00:00,13.2,0,0,0,0,0,0,100
2026-04-21 23:00:00,11.9,0,0,0,0,0,0,100
2026-04-22 00:00:00,9.9,0,0,0,0,0,0,100
2026-04-22 01:00:00,9.4,0,0,0,0,0,0,100
2026-04-22 02:00:00,9.4,0,0,0,0,0,0,100
2026-04-22 03:00:00,9.4,0,0,0,0,0,0,100
2026-04-22 04:00:00,9.3,0,0,0,0,0,0,95
2026-04-22 05:00:00,7.9,7,0,7,0,7,0,98
2026-04-22 06:00:00,9.4,92,20,72,89.9,92,0,100
2026-04-22 07:00:00,10.1,286,146,140,347.5,286,895.7,0
2026-04-22 08:00:00,11.7,469,285,184,477.00000000000006,469,3600,0
2026-04-22 09:00:00,13.9,631,416.00000000000006,215,560.1,631,3600,2
2026-04-22 10:00:00,15.6,755,524,231.00000000000003,619.4,755,3600,0
2026-04-22 11:00:00,17.1,809.9999999999999,548,262,608.9,809.9999999999999,3600,94
2026-04-22 12:00:00,18.3,817.9999999999999,570,248,632.3,817.9999999999999,3600,84
2026-04-22 13:00:00,19.1,746,492,254,578.9,746,3600,88
2026-04-22 14:00:00,18.8,581,302,279,403.1,581,3600,100
2026-04-22 15:00:00,18.9,393,140,253,231,393,3600,100
2026-04-22 16:00:00,18.5,274,106,168,246.5,274,3600,99
2026-04-22 17:00:00,17.9,78,3,75,12.8,78,3600,100
2026-04-22 18:00:00,16.9,11,0,11,0,11,0,100
2026-04-22 19:00:00,15.4,0,0,0,0,0,0,100
2026-04-22 20:00:00,13.8,0,0,0,0,0,0,100
2026-04-22 21:00:00,12.8,0,0,0,0,0,0,100
2026-04-22 22:00:00,12.2,0,0,0,0,0,0,100
2026-04-22 23:00:00,11.7,0,0,0,0,0,0,100
2026-04-23 00:00:00,11.2,0,0,0,0,0,0,100
2026-04-23 01:00:00,10.4,0,0,0,0,0,0,99
2026-04-23 02:00:00,10.4,0,0,0,0,0,0,100
2026-04-23 03:00:00,9.9,0,0,0,0,0,0,48
2026-04-23 04:00:00,9.2,0,0,0,0,0,0,82
2026-04-23 05:00:00,8.8,14,1,13,12.1,14,0,99
2026-04-23 06:00:00,9.9,105,15,90,66.2,105,0,100
2026-04-23 07:00:00,12.4,167,13,154,30.7,167,186.07,100
2026-04-23 08:00:00,14.4,330,71,259,118.2,330,0,100
2026-04-23 09:00:00,17.1,603,337,266,451.8,603,1744.71,100
2026-04-23 10:00:00,19.3,750,494.00000000000006,256,582,750,3600,94
2026-04-23 11:00:00,20.9,834,596,238,660.3,834,3600,35
2026-04-23 12:00:00,22,831,582,249,644,831,3600,52
2026-04-23 13:00:00,23,766,524,242,614.9,766,3600,50
2026-04-23 14:00:00,23,606,344,262,457.79999999999995,606,3600,72
2026-04-23 15:00:00,23.8,391,137,254,225.2,391,3600,100
2026-04-23 16:00:00,23.5,270,97,173,224.3,270,3600,100
2026-04-23 17:00:00,23.1,125.00000000000001,37,88,156.6,125.00000000000001,3600,66
2026-04-23 18:00:00,21.2,17,2,14.999999999999998,22.9,17,2898.94,2
2026-04-23 19:00:00,18.9,0,0,0,0,0,0,0
2026-04-23 20:00:00,18,0,0,0,0,0,0,0
2026-04-23 21:00:00,17.5,0,0,0,0,0,0,0
2026-04-23 22:00:00,16.5,0,0,0,0,0,0,0
2026-04-23 23:00:00,16,0,0,0,0,0,0,0
2026-04-24 00:00:00,15.5,0,0,0,0,0,0,0
2026-04-24 01:00:00,14.4,0,0,0,0,0,0,0
2026-04-24 02:00:00,13.4,0,0,0,0,0,0,0
2026-04-24 03:00:00,12.9,0,0,0,0,0,0,0
2026-04-24 04:00:00,12.4,0,0,0,0,0,0,0
2026-04-24 05:00:00,11.7,15,2,13,23.7,15,0,0
2026-04-24 06:00:00,11.9,126,44,82,190.9,126,0,0
2026-04-24 07:00:00,14.6,304,164,140,383.7,304,3600,0
2026-04-24 08:00:00,17.6,494,315,179,521.3,494,3600,0
2026-04-24 09:00:00,21,661,455,205.99999999999997,607.6000000000001,661,3600,0
2026-04-24 10:00:00,23.9,784.9999999999999,561,224,658.9,784.9999999999999,3600,0
2026-04-24 11:00:00,26.2,851.0000000000001,619,232,683.9000000000001,851.0000000000001,3600,0
2026-04-24 12:00:00,27.5,853,621,232,685.4000000000001,853,3600,0
2026-04-24 13:00:00,28.1,790,567,223,663.6,790,3600,0
2026-04-24 14:00:00,28,667,462,205,613.1,667,3600,0
2026-04-24 15:00:00,27.8,501,322,179,527.5,501,3600,0
2026-04-24 16:00:00,27.1,312,172,140,395.5,312,3600,0
2026-04-24 17:00:00,26,133,49,84,205.20000000000002,133,3600,0
2026-04-24 18:00:00,24.4,18,3,15,33.8,18,3600,0
2026-04-24 19:00:00,22.4,0,0,0,0,0,0,0
2026-04-24 20:00:00,21.3,0,0,0,0,0,0,0
2026-04-24 21:00:00,20.5,0,0,0,0,0,0,0
2026-04-24 22:00:00,19.3,0,0,0,0,0,0,0
2026-04-24 23:00:00,18.1,0,0,0,0,0,0,0
2026-04-25 00:00:00,17.2,0,0,0,0,0,0,0
2026-04-25 01:00:00,16.4,0,0,0,0,0,0,0
2026-04-25 02:00:00,15.2,0,0,0,0,0,0,16
2026-04-25 03:00:00,14.2,0,0,0,0,0,0,0
2026-04-25 04:00:00,13.9,0,0,0,0,0,0,0
2026-04-25 05:00:00,13.3,16,2,14,23.1,16,0,0
2026-04-25 06:00:00,13.5,127,45,82,192,127,0,0
2026-04-25 07:00:00,15.5,304,164,140,380.5,304,3600,0
2026-04-25 08:00:00,18.4,493.00000000000006,313,180,515.3,493.00000000000006,3600,0
2026-04-25 09:00:00,21.5,658,452,206,601.3,658,3600,0
2026-04-25 10:00:00,24,779.9999999999999,557,223.00000000000003,652.2,779.9999999999999,3600,0
2026-04-25 11:00:00,26,842,612,230.00000000000003,674.4,842,3600,0
2026-04-25 12:00:00,27.4,843,613,230,674.9,843,3600,0
2026-04-25 13:00:00,28.2,781,560,221,653.8,781,3600,0
2026-04-25 14:00:00,28.1,663,458,205,606,663,3600,0
2026-04-25 15:00:00,28,498,320,178,522.3,498,3600,0
2026-04-25 16:00:00,27.6,311,171,140,391,311,3600,0
2026-04-25 17:00:00,26.9,134,49,85,202.9,134,3600,0
2026-04-25 18:00:00,25.5,19,3,16,33.3,19,3600,0
2026-04-25 19:00:00,22.4,0,0,0,0,0,0,0
2026-04-25 20:00:00,19.8,0,0,0,0,0,0,0
2026-04-25 21:00:00,18,0,0,0,0,0,0,40
2026-04-25 22:00:00,17.1,0,0,0,0,0,0,71
2026-04-25 23:00:00,16.4,0,0,0,0,0,0,28
2026-04-26 00:00:00,15.8,0,0,0,0,0,0,46
2026-04-26 01:00:00,15.4,0,0,0,0,0,0,73
2026-04-26 02:00:00,14.9,0,0,0,0,0,0,54
2026-04-26 03:00:00,14.4,0,0,0,0,0,0,31
2026-04-26 04:00:00,13.9,0,0,0,0,0,0,27
2026-04-26 05:00:00,13.6,17,2,15,22.6,17,0,47
2026-04-26 06:00:00,14.1,130,47,83,197.4,130,0,2
2026-04-26 07:00:00,15.9,295,143,152,329.2,295,3600,99
2026-04-26 08:00:00,18.4,458,244,214,399.6000000000001,458,3600,100
2026-04-26 09:00:00,21.1,562,262,300,347.2,562,3600,100
2026-04-26 10:00:00,23.4,629,271,358,316.3,629,3600,100
2026-04-26 11:00:00,25,757,447,310,491.29999999999995,757,3600,100
2026-04-26 12:00:00,26.9,498,149,349,163.6,498,3600,100
2026-04-26 13:00:00,27.1,446,152,294,177.00000000000003,446,3109.34,100
2026-04-26 14:00:00,26.8,519,242.99999999999997,276,320.7,519,3510.61,100
2026-04-26 15:00:00,27.8,398,176,222,286.2,398,3600,100
2026-04-26 16:00:00,27.9,161,34,127,77.3,161,3600,78
2026-04-26 17:00:00,26.1,102,24,78,98.3,102,519.99,77
2026-04-26 18:00:00,24.5,9,0,9,0,9,1150.5,100
2026-04-26 19:00:00,19.2,0,0,0,0,0,0,94
2026-04-26 20:00:00,16.6,0,0,0,0,0,0,91
2026-04-26 21:00:00,16.5,0,0,0,0,0,0,30
2026-04-26 22:00:00,16.5,0,0,0,0,0,0,84
2026-04-26 23:00:00,17,0,0,0,0,0,0,70
2026-04-27 00:00:00,16.5,0,0,0,0,0,0,35
2026-04-27 01:00:00,15.6,0,0,0,0,0,0,100
2026-04-27 02:00:00,16,0,0,0,0,0,0,100
2026-04-27 03:00:00,15.6,0,0,0,0,0,0,99
2026-04-27 04:00:00,15.1,0,0,0,0,0,0,71
2026-04-27 05:00:00,15.1,18,2,16,22.2,18,0,48
2026-04-27 06:00:00,15.8,126,40,86,165.4,126,0,92
2026-04-27 07:00:00,18.5,295,151,144,344.9,295,3161.81,52
2026-04-27 08:00:00,21.3,475.00000000000006,292,183,475.79999999999995,475.00000000000006,3600,22
2026-04-27 09:00:00,22.9,432,159,273,209.9,432,3600,80
2026-04-27 10:00:00,19.1,497,219.00000000000003,278,254.9,497,3600,93
2026-04-27 11:00:00,20.5,576,222,354,243.4,576,3600,87
2026-04-27 12:00:00,22.5,609,301,308,329.8,609,3600,88
2026-04-27 13:00:00,23.4,745,507,238,589,745,3600,17
2026-04-27 14:00:00,21.8,613,336,277,442.2,613,3600,99
2026-04-27 15:00:00,21.5,451,218,233,353.3,451,3600,100
2026-04-27 16:00:00,20.9,281,110,171,248.9,281,3600,100
2026-04-27 17:00:00,19,130,40,90,162.2,130,3600,81
2026-04-27 18:00:00,16.1,20,2,18,21.6,20,3066.35,98
2026-04-27 19:00:00,13.9,0,0,0,0,0,0,100
2026-04-27 20:00:00,13.1,0,0,0,0,0,0,100
2026-04-27 21:00:00,12.6,0,0,0,0,0,0,100
2026-04-27 22:00:00,12.3,0,0,0,0,0,0,100
2026-04-27 23:00:00,11.9,0,0,0,0,0,0,100
2026-04-28 00:00:00,11.7,0,0,0,0,0,0,100
2026-04-28 01:00:00,11.3,0,0,0,0,0,0,100
2026-04-28 02:00:00,11.4,0,0,0,0,0,0,100
2026-04-28 03:00:00,10.9,0,0,0,0,0,0,100
2026-04-28 04:00:00,10.3,0,0,0,0,0,0,64
2026-04-28 05:00:00,9.6,20,2,18,21.7,20,0,80
2026-04-28 06:00:00,10.2,128,35,93,142.6,128,0,77
2026-04-28 07:00:00,12.4,237,54,182.99999999999997,122.4,237,2477.71,100
2026-04-28 08:00:00,14,434,196,238,317.8,434,1872.33,100
2026-04-28 09:00:00,15.5,624.9999999999999,373,251.99999999999997,490.8,624.9999999999999,3600,100
2026-04-28 10:00:00,17,739,452.99999999999994,286,525.8,739,3600,100
2026-04-28 11:00:00,18,802.0000000000001,508,294,555.6,802.0000000000001,3600,99
2026-04-28 12:00:00,18.6,822,558,264,610,822,3600,81
2026-04-28 13:00:00,19.1,737,447,290,518.1,737,3600,99
2026-04-28 14:00:00,18.1,469,145,324,190.3,469,3600,100
2026-04-28 15:00:00,17.5,133,0,133,0,133,3600,100
2026-04-28 16:00:00,15.9,53.00000000000001,0,53.00000000000001,0,53.00000000000001,0,100
2026-04-28 17:00:00,15.3,83,9,74,36.1,83,0,100
2026-04-28 18:00:00,15,19,1,18,10.6,19,0,100
2026-04-28 19:00:00,14,0,0,0,0,0,0,70
2026-04-28 20:00:00,13,0,0,0,0,0,0,100
2026-04-28 21:00:00,11.6,0,0,0,0,0,0,84
2026-04-28 22:00:00,11.2,0,0,0,0,0,0,43
2026-04-28 23:00:00,10.9,0,0,0,0,0,0,19
2026-04-29 00:00:00,10.6,0,0,0,0,0,0,59
2026-04-29 01:00:00,9.9,0,0,0,0,0,0,98
2026-04-29 02:00:00,9.9,0,0,0,0,0,0,100
2026-04-29 03:00:00,9.6,0,0,0,0,0,0,98
2026-04-29 04:00:00,9.1,0,0,0,0,0,0,41
2026-04-29 05:00:00,8.6,21,3,18,32,21,0,3
2026-04-29 06:00:00,9.6,137,48,89,192.8,137,0,6
2026-04-29 07:00:00,12.3,313,166,147,373.6,313,3600,1
2026-04-29 08:00:00,15.1,497,307,190,495.5,497,3600,47
2026-04-29 09:00:00,17.6,664,449,215,588.7,664,3600,7
2026-04-29 10:00:00,19.1,785,552,233,638.9,785,3600,11
2026-04-29 11:00:00,20.4,846,601,245,655.8,846,3600,63
2026-04-29 12:00:00,21.5,825,560,265,610.9,825,3600,25
2026-04-29 13:00:00,22.5,691,404,287,467.2,691,3600,66
2026-04-29 14:00:00,22.1,571,273,298,357.4,571,3600,100
2026-04-29 15:00:00,21.6,429,195,234,313.8,429,3600,100
2026-04-29 16:00:00,21.3,234.00000000000003,65,169,145.5,234.00000000000003,3600,100
2026-04-29 17:00:00,20.5,134,34,100,135.1,134,2566.41,98
2026-04-29 18:00:00,19.5,22,3,19,31.499999999999996,22,2253.06,99
2026-04-29 19:00:00,17.8,0,0,0,0,0,0,0
2026-04-29 20:00:00,17.2,0,0,0,0,0,0,0
2026-04-29 21:00:00,15.8,0,0,0,0,0,0,0
2026-04-29 22:00:00,14.9,0,0,0,0,0,0,0
2026-04-29 23:00:00,14.5,0,0,0,0,0,0,0
2026-04-30 00:00:00,13.8,0,0,0,0,0,0,8
2026-04-30 01:00:00,13.3,0,0,0,0,0,0,21
2026-04-30 02:00:00,13.1,0,0,0,0,0,0,1
2026-04-30 03:00:00,12.8,0,0,0,0,0,0,12
2026-04-30 04:00:00,12.1,0,0,0,0,0,0,9
2026-04-30 05:00:00,11.4,22,3,19,31.4,22,0,6
2026-04-30 06:00:00,12.2,138,49,89,194.1,138,0,9
2026-04-30 07:00:00,14.5,315,169,146,377.7,315,3600,0
2026-04-30 08:00:00,17.4,500,315,185,506.09999999999997,500,3600,0
2026-04-30 09:00:00,20.5,661,446.99999999999994,214,584.2,661,3600,2
2026-04-30 10:00:00,22,650,391,259,451.4,650,3600,41
2026-04-30 11:00:00,22.1,774,494,280,537.8,774,3600,47
2026-04-30 12:00:00,23,815.0000000000001,567,248,617.2,815.0000000000001,3600,8
2026-04-30 13:00:00,24,783,551,232,635.8,783,3600,6
2026-04-30 14:00:00,23.5,663,451,212,588.8,663,3600,2
2026-04-30 15:00:00,23.8,483.99999999999994,299,185,479.6,483.99999999999994,3600,12
2026-04-30 16:00:00,24.1,310,165,145,367.6,310,3600,13
2026-04-30 17:00:00,24,143,53,90,208.5,143,3600,0
2026-04-30 18:00:00,22.7,23,4,19,41.4,23,3600,0
2026-04-30 19:00:00,20.2,0,0,0,0,0,0,0
2026-04-30 20:00:00,18.6,0,0,0,0,0,0,0
2026-04-30 21:00:00,17.4,0,0,0,0,0,0,0
2026-04-30 22:00:00,16.8,0,0,0,0,0,0,0
2026-04-30 23:00:00,16.2,0,0,0,0,0,0,0
2026-05-01 00:00:00,15.4,0,0,0,0,0,0,0
2026-05-01 01:00:00,14.8,0,0,0,0,0,0,0
2026-05-01 02:00:00,14.4,0,0,0,0,0,0,1
2026-05-01 03:00:00,14.3,0,0,0,0,0,0,23
2026-05-01 04:00:00,13.9,0,0,0,0,0,0,20
2026-05-01 05:00:00,13.2,23,4,19,41.1,23,0,70
2026-05-01 06:00:00,13.9,143,52,91,203.3,143,0,97
2026-05-01 07:00:00,16.9,322,178,144,395.1,322,3600,10
2026-05-01 08:00:00,20.8,507,324,183,518.3,507,3600,31
2026-05-01 09:00:00,24.2,666,450,216,586.2,666,3600,93
2026-05-01 10:00:00,26.4,736,447,289,514.7,736,3600,100
2026-05-01 11:00:00,28.1,757,416,341,451.9,757,3600,100
2026-05-01 12:00:00,29.3,796,484,312,525.7,796,3600,100
2026-05-01 13:00:00,30.3,684,336,347.99999999999994,386.9,684,3600,100
2026-05-01 14:00:00,29.9,500,154,346,200.6,500,3600,100
2026-05-01 15:00:00,30.4,283,28,255,44.8,283,3600,100
2026-05-01 16:00:00,30,144,8,136,17.7,144,0,100
2026-05-01 17:00:00,28.8,51,0,50.99999999999999,0,51,0,100
2026-05-01 18:00:00,26.9,11,0,11,0,11,0,100
2026-05-01 19:00:00,26,0,0,0,0,0,0,100
2026-05-01 20:00:00,25.4,0,0,0,0,0,0,100
2026-05-01 21:00:00,24.6,0,0,0,0,0,0,100
2026-05-01 22:00:00,23.7,0,0,0,0,0,0,100
2026-05-01 23:00:00,22.5,0,0,0,0,0,0,100
2026-05-02 00:00:00,21.9,0,0,0,0,0,0,100
2026-05-02 01:00:00,21.5,0,0,0,0,0,0,100
2026-05-02 02:00:00,21.4,0,0,0,0,0,0,100
2026-05-02 03:00:00,21,0,0,0,0,0,0,100
2026-05-02 04:00:00,20.6,0,0,0,0,0,0,100
2026-05-02 05:00:00,20.5,6,0,6,0,6,0,100
2026-05-02 06:00:00,20.3,27,0,27,0,27,0,100
2026-05-02 07:00:00,20.8,69,0,69,0,69,0,100
2026-05-02 08:00:00,21,172,7,165,11.2,172,0,100
2026-05-02 09:00:00,21.8,135,1,134,1.3,135,0,100
2026-05-02 10:00:00,22,117,3,114,3.4,117,0,100
2026-05-02 11:00:00,22,178,4,174,4.3,178,0,100
2026-05-02 12:00:00,22.2,117,1,116,1.1,117,0,100
2026-05-02 13:00:00,21.5,174,2,172,2.3,174,0,100
2026-05-02 14:00:00,23,44,0,44,0,44,0,100
2026-05-02 15:00:00,20.6,59.99999999999999,0,59.99999999999999,0,59.99999999999999,0,100
2026-05-02 16:00:00,19.9,53,0,53,0,53,0,100
2026-05-02 17:00:00,18.3,25.000000000000004,0,25.000000000000004,0,25.000000000000004,0,100
2026-05-02 18:00:00,16.3,5,0,5,0,5,0,100
2026-05-02 19:00:00,15.9,0,0,0,0,0,0,100
2026-05-02 20:00:00,14.6,0,0,0,0,0,0,99
2026-05-02 21:00:00,14.3,0,0,0,0,0,0,98
2026-05-02 22:00:00,14.1,0,0,0,0,0,0,99
2026-05-02 23:00:00,14,0,0,0,0,0,0,100
2026-05-03 00:00:00,12.8,0,0,0,0,0,0,90
2026-05-03 01:00:00,12.1,0,0,0,0,0,0,75
2026-05-03 02:00:00,12.6,0,0,0,0,0,0,98
2026-05-03 03:00:00,12.9,0,0,0,0,0,0,100
2026-05-03 04:00:00,13.8,0,0,0,0,0,0,100
2026-05-03 05:00:00,13.4,9,0,9,0,9,0,100
2026-05-03 06:00:00,13.8,27,0,27,0,27,0,100
2026-05-03 07:00:00,12.6,37,0,37,0,37,0,100
2026-05-03 08:00:00,12.1,89,0,89,0,89,0,100
2026-05-03 09:00:00,12.4,293,42,251,54.4,293,0,98
2026-05-03 10:00:00,13.9,482,208,274,238.4,482,0,83
2026-05-03 11:00:00,15.4,587,201,386,217.4,587,3600,100
2026-05-03 12:00:00,16.9,730,423,307,457.6,730,3600,46
2026-05-03 13:00:00,18.2,762,511,251.00000000000003,585.9,762,3600,16
2026-05-03 14:00:00,18.1,646,417,229,540.4,646,3600,12
2026-05-03 15:00:00,19,484,285,199,452.8,484,3600,17
2026-05-03 16:00:00,18.6,248,98,150,215.1,248,3600,72
2026-05-03 17:00:00,16.4,73,2,71,7.6000000000000005,73,3600,99
2026-05-03 18:00:00,13.8,24,3,21,29.9,24,0,29
2026-05-03 19:00:00,12.8,0,0,0,0,0,0,1
2026-05-03 20:00:00,11.6,0,0,0,0,0,0,1
2026-05-03 21:00:00,11.1,0,0,0,0,0,0,2
2026-05-03 22:00:00,11.1,0,0,0,0,0,0,5
2026-05-03 23:00:00,10.7,0,0,0,0,0,0,5
2026-05-04 00:00:00,10.4,0,0,0,0,0,0,0
2026-05-04 01:00:00,10.1,0,0,0,0,0,0,0
2026-05-04 02:00:00,10.2,0,0,0,0,0,0,0
2026-05-04 03:00:00,10.1,0,0,0,0,0,0,0
2026-05-04 04:00:00,10.1,0,0,0,0,0,0,0
2026-05-04 05:00:00,9.8,28,5,23,49,28,0,0
2026-05-04 06:00:00,10.4,156,61,95,230,156,23.26,0
2026-05-04 07:00:00,12.6,341,191,150,416.1,341,3600,0
2026-05-04 08:00:00,16,531,344,186.99999999999997,543.7,531,3600,0
2026-05-04 09:00:00,19,697,484.00000000000006,213,624.9,697,3600,0
2026-05-04 10:00:00,20.6,817.0000000000001,587,230.00000000000003,671.2,817.0000000000001,3600,0
2026-05-04 11:00:00,21.9,880,641,238.99999999999997,692,880,3600,0
2026-05-04 12:00:00,22.9,880,641,239,692.2,880,3600,0
2026-05-04 13:00:00,23.9,816,586,230,670.5,816,3600,0
2026-05-04 14:00:00,24.1,691,479,212,619.3,691,3600,0
2026-05-04 15:00:00,24.7,522,337,185,533.7,522,3600,0
2026-05-04 16:00:00,24.5,332,185,147,404.2,332,3600,0
2026-05-04 17:00:00,24,152,59,93,223.5,152,3600,0
2026-05-04 18:00:00,22.4,27,5,22,49.2,27,3600,0
2026-05-04 19:00:00,17.7,0,0,0,0,0,31.17,0
2026-05-04 20:00:00,16.9,0,0,0,0,0,0,0
2026-05-04 21:00:00,16,0,0,0,0,0,0,0
2026-05-04 22:00:00,15.4,0,0,0,0,0,0,0
2026-05-04 23:00:00,14.8,0,0,0,0,0,0,0
2026-05-05 00:00:00,14.2,0,0,0,0,0,0,0
2026-05-05 01:00:00,13.8,0,0,0,0,0,0,0
2026-05-05 02:00:00,13.6,0,0,0,0,0,0,0
2026-05-05 03:00:00,13.6,0,0,0,0,0,0,0
2026-05-05 04:00:00,13.3,0,0,0,0,0,0,0
2026-05-05 05:00:00,13,28,5,23,48.3,28,0,0
2026-05-05 06:00:00,13.3,150,56,94,208.8,150,0,0
2026-05-05 07:00:00,14.8,326,178,148,385.5,326,3600,0
2026-05-05 08:00:00,17.1,509,324,185,510.1000000000001,509,3600,0
2026-05-05 09:00:00,20,670,458,211.99999999999997,589.7,670,3600,0
2026-05-05 10:00:00,23.1,787.9999999999999,561,227.00000000000003,640.0000000000001,787.9999999999999,3600,0
2026-05-05 11:00:00,25.9,851,615.9999999999999,235.00000000000003,663.7,851,3600,0
2026-05-05 12:00:00,28.1,856.9999999999999,623,234,671.5,856.9999999999999,3600,0
2026-05-05 13:00:00,30,712,468,244,534.5,712,3600,28
2026-05-05 14:00:00,30.6,606,394,212,508.2,606,3600,14
2026-05-05 15:00:00,30.9,500,316,184,498.9,500,3600,2
2026-05-05 16:00:00,30.7,326,180,146,391.4,326,3600,5
2026-05-05 17:00:00,29.5,151,58,93,217.7,151,3600,0
2026-05-05 18:00:00,28.1,28,5,23,48.6,28,3600,0
2026-05-05 19:00:00,26,0,0,0,0,0,8.13,0
2026-05-05 20:00:00,23,0,0,0,0,0,0,0
2026-05-05 21:00:00,21.5,0,0,0,0,0,0,0
2026-05-05 22:00:00,20.9,0,0,0,0,0,0,6
2026-05-05 23:00:00,19.7,0,0,0,0,0,0,31
2026-05-06 00:00:00,20.3,0,0,0,0,0,0,97
2026-05-06 01:00:00,20.5,0,0,0,0,0,0,70
2026-05-06 02:00:00,20.6,0,0,0,0,0,0,28
2026-05-06 03:00:00,20,0,0,0,0,0,0,34
2026-05-06 04:00:00,19.5,0,0,0,0,0,0,18
2026-05-06 05:00:00,19.3,29,5,24,47.6,29,0,48
2026-05-06 06:00:00,19.7,149,54,95,199.2,149,0,84
2026-05-06 07:00:00,21.1,323,175,148,376.9,323,3600,13
2026-05-06 08:00:00,23.2,502,309,193.00000000000003,484.70000000000005,502,3600,41
2026-05-06 09:00:00,25.4,625,367.00000000000006,258,471.3,625,3600,97
2026-05-06 10:00:00,27.5,780.9999999999999,552,229,628.4,780.9999999999999,3600,13
2026-05-06 11:00:00,29.7,842.9999999999999,610,232.99999999999997,656,842.9999999999999,3600,8
2026-05-06 12:00:00,31.2,837,601,236,646.6,837,3600,15
2026-05-06 13:00:00,31.9,769,534,235,608.6,769,3600,80
2026-05-06 14:00:00,31.8,639,404,235,519.9,639,3600,100
2026-05-06 15:00:00,31.9,419,162,257,255,419,3600,100
2026-05-06 16:00:00,31.4,170,14,156,30.3,170,3600,100
2026-05-06 17:00:00,31.1,87,6,81,22.3,87,0,100
2026-05-06 18:00:00,29.5,17,0,17,0,17,0,100
2026-05-06 19:00:00,26.2,0,0,0,0,0,0,100
2026-05-06 20:00:00,22.8,0,0,0,0,0,0,98
2026-05-06 21:00:00,22.8,0,0,0,0,0,0,100
2026-05-06 22:00:00,21.5,0,0,0,0,0,0,100
2026-05-06 23:00:00,21.6,0,0,0,0,0,0,100
2026-05-07 00:00:00,19,0,0,0,0,0,0,100
2026-05-07 01:00:00,17,0,0,0,0,0,0,100
2026-05-07 02:00:00,16.4,0,0,0,0,0,0,100
2026-05-07 03:00:00,15.9,0,0,0,0,0,0,100
2026-05-07 04:00:00,15.1,0,0,0,0,0,0,100
2026-05-07 05:00:00,14.7,4,0,4,0,4,0,100
2026-05-07 06:00:00,14.7,38,0,38,0,38,0,100
2026-05-07 07:00:00,15,128,0,128,0,128,0,100
2026-05-07 08:00:00,16.3,480,264,216,412.6,480,0,34
2026-05-07 09:00:00,18.3,675,454,221.00000000000003,581.5,675,3600,73
2026-05-07 10:00:00,19.3,796,560,236,636.2,796,3600,86
2026-05-07 11:00:00,19.6,866.9999999999999,623.9999999999999,243.00000000000003,669.8,866.9999999999999,3600,5
2026-05-07 12:00:00,19.5,861,615,246,660.5,861,3600,12
2026-05-07 13:00:00,19.3,793,552,241,628,793,3600,48
2026-05-07 14:00:00,18.8,665,435,230,558.5,665,3600,63
2026-05-07 15:00:00,18,502.99999999999994,291,212,456.6,502.99999999999994,3600,88
2026-05-07 16:00:00,18,336,182,154,392,336,3600,40
2026-05-07 17:00:00,17.8,157,59,98,217.4,157,3600,20
2026-05-07 18:00:00,17.1,30,5,25,47.5,30,3600,1
2026-05-07 19:00:00,15.1,0,0,0,0,0,0,1
2026-05-07 20:00:00,13.5,0,0,0,0,0,0,20
2026-05-07 21:00:00,13.3,0,0,0,0,0,0,83
2026-05-07 22:00:00,12.8,0,0,0,0,0,0,38
2026-05-07 23:00:00,12.4,0,0,0,0,0,0,0
2026-05-08 00:00:00,11.9,0,0,0,0,0,0,0
2026-05-08 01:00:00,11.9,0,0,0,0,0,0,9
2026-05-08 02:00:00,12.3,0,0,0,0,0,0,0
2026-05-08 03:00:00,12.6,0,0,0,0,0,0,0
2026-05-08 04:00:00,12.4,0,0,0,0,0,0,0
2026-05-08 05:00:00,12.1,33,6,27,55.6,33,0,0
2026-05-08 06:00:00,12.8,165,65,100,234.9,165,216.9,0
2026-05-08 07:00:00,14.8,347,195,152,415.40000000000003,347,3600,0
2026-05-08 08:00:00,17.4,535,346,188.99999999999997,538.9,535,3600,0
2026-05-08 09:00:00,20,698.0000000000001,483,215,617.1,698.0000000000001,3600,0
2026-05-08 10:00:00,22,815,584,231.00000000000003,662.1,815,3600,0
2026-05-08 11:00:00,23.5,877,636,241,681.5,877,3600,2
2026-05-08 12:00:00,24.4,876,636,240,681.9,876,3600,11
2026-05-08 13:00:00,25,811,579,232,657.5,811,3600,14
2026-05-08 14:00:00,24.8,687,471,216,603.4,687,3600,52
2026-05-08 15:00:00,25,521,328,193,513.1,521,3600,95
2026-05-08 16:00:00,24.9,335,182,153,390.2,335,3600,70
2026-05-08 17:00:00,24.5,158,62,96,226.5,158,3600,0
2026-05-08 18:00:00,23,31,6,25,56.3,31,3600,0
2026-05-08 19:00:00,20.2,0,0,0,0,0,242.45,0
2026-05-08 20:00:00,17.7,0,0,0,0,0,0,0
2026-05-08 21:00:00,17.6,0,0,0,0,0,0,0
2026-05-08 22:00:00,16.9,0,0,0,0,0,0,0
2026-05-08 23:00:00,16.5,0,0,0,0,0,0,0
2026-05-09 00:00:00,15.9,0,0,0,0,0,0,0
2026-05-09 01:00:00,15.9,0,0,0,0,0,0,0
2026-05-09 02:00:00,15.5,0,0,0,0,0,0,0
2026-05-09 03:00:00,15.4,0,0,0,0,0,0,0
2026-05-09 04:00:00,14.9,0,0,0,0,0,0,0
2026-05-09 05:00:00,14.8,33,6,27,54.9,33,0,0
2026-05-09 06:00:00,15.4,162,65,97,232.6,162,191.54,0
2026-05-09 07:00:00,17,342,192,150,406.9,342,3600,0
2026-05-09 08:00:00,19.1,527,340,186.99999999999997,527.8,527,3600,0
2026-05-09 09:00:00,22,687,475,212,605.4,687,3600,0
2026-05-09 10:00:00,24.3,803,575,228,650.6,803,3600,0
2026-05-09 11:00:00,26.1,864,628,235.99999999999997,671.8,864,3600,0
2026-05-09 12:00:00,27.5,863,628,235,672.0999999999999,863,3600,0
2026-05-09 13:00:00,28.4,800,574,226,650.6,800,3600,0
2026-05-09 14:00:00,28.5,682,473,209,604.7,682,3600,0
2026-05-09 15:00:00,28.4,521,338,183,527.2,521,3600,0
2026-05-09 16:00:00,27.9,336,189,147,403.4,336,3600,0
2026-05-09 17:00:00,27,158,63,95,228.09999999999997,158,3600,0
2026-05-09 18:00:00,25.6,32,6,26,55.7,32,3600,1
2026-05-09 19:00:00,23.9,0,0,0,0,0,220.12,0
2026-05-09 20:00:00,22.6,0,0,0,0,0,0,1
2026-05-09 21:00:00,21.8,0,0,0,0,0,0,0
2026-05-09 22:00:00,20.9,0,0,0,0,0,0,1
2026-05-09 23:00:00,20.3,0,0,0,0,0,0,16
2026-05-10 00:00:00,20,0,0,0,0,0,0,35
2026-05-10 01:00:00,19.4,0,0,0,0,0,0,42
2026-05-10 02:00:00,18.6,0,0,0,0,0,0,58
2026-05-10 03:00:00,18.1,0,0,0,0,0,0,44
2026-05-10 04:00:00,17.6,0,0,0,0,0,0,4
2026-05-10 05:00:00,17,28,4,24,36.2,28,0,55
2026-05-10 06:00:00,17.5,152,56,96,198.5,152,0,9
2026-05-10 07:00:00,18.5,328,179,149,377.5,328,3600,0
2026-05-10 08:00:00,20.3,506,319,187,493.6000000000001,506,3600,7
2026-05-10 09:00:00,22.6,662,447.99999999999994,213.99999999999997,569.6,662,3600,54
2026-05-10 10:00:00,24.9,779,550,229,621.1,779,3600,8
2026-05-10 11:00:00,26.9,840,603,236.99999999999997,644,840,3600,29
2026-05-10 12:00:00,28.7,839,600,239,641.1,839,3600,50
2026-05-10 13:00:00,30.6,732,497,235,562.3,732,3600,27
2026-05-10 14:00:00,30.9,525,293,232,373.7,525,3600,85
2026-05-10 15:00:00,30.5,436,253,183,393.5,436,3600,9
2026-05-10 16:00:00,30.2,332,184,148,391,332,3600,0
2026-05-10 17:00:00,30,159,64,95,229.80000000000004,159,3600,0
2026-05-10 18:00:00,27.8,32,6,26,55.1,32,3600,0
2026-05-10 19:00:00,24.5,0,0,0,0,0,197.87,0
2026-05-10 20:00:00,22.1,0,0,0,0,0,0,0
2026-05-10 21:00:00,21,0,0,0,0,0,0,0
2026-05-10 22:00:00,20.4,0,0,0,0,0,0,0
2026-05-10 23:00:00,20.5,0,0,0,0,0,0,0
2026-05-11 00:00:00,19.8,0,0,0,0,0,0,100
2026-05-11 01:00:00,19.4,0,0,0,0,0,0,100
2026-05-11 02:00:00,19.1,0,0,0,0,0,0,100
2026-05-11 03:00:00,19.4,0,0,0,0,0,0,98
2026-05-11 04:00:00,18.7,0,0,0,0,0,0,100
2026-05-11 05:00:00,17.6,17,0,17,0,17,0,99
2026-05-11 06:00:00,17.4,38,0,38,0,38,0,100
2026-05-11 07:00:00,17.9,258,102,156,214.1,258,0,76
2026-05-11 08:00:00,21.4,309,87,222,134.2,309,3600,96
2026-05-11 09:00:00,22.3,126.99999999999999,3,124,3.8,126.99999999999999,2226.26,100
2026-05-11 10:00:00,20.2,518,283,235,319,518,0,41
2026-05-11 11:00:00,25,849,613,236,653.6,849,3600,17
2026-05-11 12:00:00,29.2,852,618,234,659.3,852,3600,0
2026-05-11 13:00:00,30.3,763,530,233,598.6,763,3600,14
2026-05-11 14:00:00,29.1,473,182,291,231.70000000000002,473,3600,100
2026-05-11 15:00:00,26.5,395,186,209,288.4,395,3600,92
2026-05-11 16:00:00,26.4,304,153,151,323.7,304,3600,34
2026-05-11 17:00:00,25.7,152,56.99999999999999,95,202.9,152,3600,16
2026-05-11 18:00:00,24.5,32,6,26,54.5,32,3600,3
2026-05-11 19:00:00,21.6,0,0,0,0,0,175.74,22
2026-05-11 20:00:00,21,0,0,0,0,0,0,1
2026-05-11 21:00:00,20.2,0,0,0,0,0,0,0
2026-05-11 22:00:00,19.2,0,0,0,0,0,0,0
2026-05-11 23:00:00,18.4,0,0,0,0,0,0,0
2026-05-12 00:00:00,18,0,0,0,0,0,0,0
2026-05-12 01:00:00,17.2,0,0,0,0,0,0,0
2026-05-12 02:00:00,17,0,0,0,0,0,0,0
2026-05-12 03:00:00,16.7,0,0,0,0,0,0,0
2026-05-12 04:00:00,16.1,0,0,0,0,0,0,0
2026-05-12 05:00:00,15.9,37,8,29,70.7,37,0,1
2026-05-12 06:00:00,17.1,170,69,101,240.29999999999998,170,729.8,0
2026-05-12 07:00:00,19.5,351,199,152,415.7,351,3600,0
2026-05-12 08:00:00,21.5,536,348,188,535.2,536,3600,0
2026-05-12 09:00:00,24,696,483.00000000000006,213,611.4,696,3600,0
2026-05-12 10:00:00,26.1,811,582,229.00000000000003,654.8999999999999,811,3600,0
2026-05-12 11:00:00,27.9,871.0000000000001,635.0000000000001,236.00000000000003,676.0000000000001,871.0000000000001,3600,0
2026-05-12 12:00:00,29.3,872.0000000000001,637,235,678.5,872.0000000000001,3600,0
2026-05-12 13:00:00,30,809,582,227,656.2,809,3600,0
2026-05-12 14:00:00,29.7,760,591,169,750.7000000000002,760,3600,0
2026-05-12 15:00:00,29.9,595,445,150,688.1,595,3600,0
2026-05-12 16:00:00,29.6,400,275,125,579.3,400,3600,0
2026-05-12 17:00:00,29.3,200,114,86,402.5,200,3600,0
2026-05-12 18:00:00,27.7,43,16,27,143.8,43,3600,0
2026-05-12 19:00:00,24.1,0,0,0,0,0,3211.1,0
2026-05-12 20:00:00,22.9,0,0,0,0,0,0,0
2026-05-12 21:00:00,21.1,0,0,0,0,0,0,25
2026-05-12 22:00:00,20,0,0,0,0,0,0,33
2026-05-12 23:00:00,19.5,0,0,0,0,0,0,45
2026-05-13 00:00:00,19,0,0,0,0,0,0,69
2026-05-13 01:00:00,18.9,0,0,0,0,0,0,91
2026-05-13 02:00:00,18.5,0,0,0,0,0,0,90
2026-05-13 03:00:00,18.2,0,0,0,0,0,0,91
2026-05-13 04:00:00,17.8,0,0,0,0,0,0,80
2026-05-13 05:00:00,17.3,45,14,31,122.3,45,0,67
2026-05-13 06:00:00,17.9,194,102,92,352.2,194,2543.64,13
2026-05-13 07:00:00,19.5,382.99999999999994,247.99999999999997,135,515.8,382.99999999999994,3600,21
2026-05-13 08:00:00,21.7,567,398,169,610.4,567,3600,63
2026-05-13 09:00:00,24.3,726,537,189,678.3,726,3600,82
2026-05-13 10:00:00,27,843,645,198,724.6,843,3600,41
2026-05-13 11:00:00,29.5,906.0000000000001,707,199.00000000000003,751.5,906.0000000000001,3600,27
2026-05-13 12:00:00,31.4,902,703,199,747.7,902,3600,63
2026-05-13 13:00:00,32.7,839,645,194,726.1,839,3600,41
2026-05-13 14:00:00,33,722,543,179,688.4,722,3600,30
2026-05-13 15:00:00,33.2,563,406,157,626.1,563,3600,9
2026-05-13 16:00:00,32.9,376,246,130,516,376,3600,2
2026-05-13 17:00:00,29.8,187,97,90,339.7,187,3600,13
2026-05-13 18:00:00,26.6,42,13.999999999999998,28,124.5,42,3600,19
2026-05-13 19:00:00,24.6,0,0,0,0,0,2582.49,28
2026-05-13 20:00:00,23,0,0,0,0,0,0,99
2026-05-13 21:00:00,21.7,0,0,0,0,0,0,98
2026-05-13 22:00:00,20.5,0,0,0,0,0,0,100
2026-05-13 23:00:00,19.6,0,0,0,0,0,0,98
2026-05-14 00:00:00,19,0,0,0,0,0,0,96
2026-05-14 01:00:00,18.3,0,0,0,0,0,0,97
2026-05-14 02:00:00,17.6,0,0,0,0,0,0,88
2026-05-14 03:00:00,17,0,0,0,0,0,0,69
2026-05-14 04:00:00,16.5,0,0,0,0,0,0,48
2026-05-14 05:00:00,16,44,12,32,103.8,44,0,84
2026-05-14 06:00:00,16.6,187,85,102,291.2,187,1913.16,80
2026-05-14 07:00:00,17.5,372,218,154,451.5,372,3600,66
2026-05-14 08:00:00,19,549,348,201,532.2,549,3600,39
2026-05-14 09:00:00,20.8,687,443,244,558.5,687,3600,27
2026-05-14 10:00:00,22.5,818.0000000000001,564,254,632.6,818.0000000000001,3600,52
2026-05-14 11:00:00,24.5,888,649.9999999999999,238,689.9,888,3600,63
2026-05-14 12:00:00,26.2,905,693,212,736,905,3600,71
2026-05-14 13:00:00,27.3,848,650,198,730.5,848,3600,55
2026-05-14 14:00:00,27.3,735,554,181,700.9,735,3600,72
2026-05-14 15:00:00,26.5,576,413,163,635.2,576,3600,80
2026-05-14 16:00:00,24.9,385,248,137,518,385,3600,64
2026-05-14 17:00:00,22.9,195,100.99999999999999,94,350.9,195,3600,44
2026-05-14 18:00:00,20.8,44,15.000000000000002,29,132,44,3600,13
2026-05-14 19:00:00,18.7,0,0,0,0,0,2872.43,23
2026-05-14 20:00:00,18,0,0,0,0,0,0,69
2026-05-14 21:00:00,17.2,0,0,0,0,0,0,100
2026-05-14 22:00:00,16.7,0,0,0,0,0,0,100
2026-05-14 23:00:00,16.7,0,0,0,0,0,0,100
2026-05-15 00:00:00,16.8,0,0,0,0,0,0,99
2026-05-15 01:00:00,16.5,0,0,0,0,0,0,100
2026-05-15 02:00:00,16.5,0,0,0,0,0,0,100
2026-05-15 03:00:00,16.5,0,0,0,0,0,0,100
2026-05-15 04:00:00,16.5,0,0,0,0,0,0,100
2026-05-15 05:00:00,16.2,22,0,22,0,22,0,100
2026-05-15 06:00:00,16.3,79,0,79,0,79,0,100
2026-05-15 07:00:00,16.8,186,13,173,26.800000000000004,186,0,100
2026-05-15 08:00:00,17.5,346,62,284,94.6,346,0,100
2026-05-15 09:00:00,19.1,679,398,281,500.8,679,1037.24,100
2026-05-15 10:00:00,21.6,837,588,249,658.5,837,3600,26
2026-05-15 11:00:00,23.2,875.0000000000001,587,288,622.2,875.0000000000001,3600,45
2026-05-15 12:00:00,24.5,880,630,250,668.2000000000002,880,3600,10
2026-05-15 13:00:00,25.6,828,590,238,662.1,828,3600,27
2026-05-15 14:00:00,25.6,714,499,215,630.1,714,3600,16
2026-05-15 15:00:00,25.5,556,370,186,567.5,556,3600,22
2026-05-15 16:00:00,24.8,388,249.99999999999997,138,520,388,3600,2
2026-05-15 17:00:00,23.2,193,97,96,334.4,193,3600,3
2026-05-15 18:00:00,21.4,45,13.999999999999998,31,122.00000000000001,45,3600,5
2026-05-15 19:00:00,19.9,0,0,0,0,0,2548.7,2
2026-05-15 20:00:00,18.7,0,0,0,0,0,0,0
2026-05-15 21:00:00,17.5,0,0,0,0,0,0,0
2026-05-15 22:00:00,16.5,0,0,0,0,0,0,0
2026-05-15 23:00:00,15.8,0,0,0,0,0,0,0
2026-05-16 00:00:00,15.1,0,0,0,0,0,0,31
2026-05-16 01:00:00,14.8,0,0,0,0,0,0,48
2026-05-16 02:00:00,14.9,0,0,0,0,0,0,5
2026-05-16 03:00:00,14.8,0,0,0,0,0,0,13
2026-05-16 04:00:00,14.9,0,0,0,0,0,0,100
2026-05-16 05:00:00,15.9,15,0,15,0,15,0,100
2026-05-16 06:00:00,16.8,75,3,72,10.1,75,0,100
2026-05-16 07:00:00,17.9,187,24,163,49.3,187,0,100
2026-05-16 08:00:00,18.6,285,27,258,41.1,285,0,100
2026-05-16 09:00:00,20,423.99999999999994,58,366,72.8,423.99999999999994,0,100
2026-05-16 10:00:00,22,517,112,405,125.19999999999999,517,385.31,98
2026-05-16 11:00:00,24,763,409,354,432.9,763,1957.19,96
2026-05-16 12:00:00,26,865,609,256,645.1,865,3600,28
2026-05-16 13:00:00,26.9,842,614.0000000000001,228,688,842,3600,85
2026-05-16 14:00:00,26.4,734,530,204,668,734,3600,73
2026-05-16 15:00:00,26,584,420,164,642.5,584,3600,47
2026-05-16 16:00:00,25.4,349,163,186.00000000000003,337.7,349,3600,98
2026-05-16 17:00:00,24,174,54,120,184.8,174,3600,99
2026-05-16 18:00:00,22.5,43,8,35,69,43,3600,94
2026-05-16 19:00:00,20.8,0,0,0,0,0,683.68,72
2026-05-16 20:00:00,19.1,0,0,0,0,0,0,26
2026-05-16 21:00:00,17.8,0,0,0,0,0,0,93
2026-05-16 22:00:00,17.2,0,0,0,0,0,0,77
2026-05-16 23:00:00,17,0,0,0,0,0,0,91
2026-05-17 00:00:00,16.9,0,0,0,0,0,0,64
2026-05-17 01:00:00,16.8,0,0,0,0,0,0,67
2026-05-17 02:00:00,17,0,0,0,0,0,0,99
2026-05-17 03:00:00,16.8,0,0,0,0,0,0,98
2026-05-17 04:00:00,16.9,0,0,0,0,0,0,98
2026-05-17 05:00:00,17,42,5,37,42.1,42,0,97
2026-05-17 06:00:00,17.8,159,34,125,113.9,159,0,99
2026-05-17 07:00:00,19.1,341,161,180,329.6,341,1618.21,86
2026-05-17 08:00:00,21.2,520,291,229,441.7,520,3600,88
2026-05-17 09:00:00,22.8,708,482,226,604.3,708,3600,28
2026-05-17 10:00:00,24.5,857.9999999999999,641,217,715.8,857.9999999999999,3600,19
2026-05-17 11:00:00,26,894.9999999999999,661,233.99999999999997,698.8,894.9999999999999,3600,15
2026-05-17 12:00:00,27.2,911,698.9999999999999,212,739.4,911,3600,14
2026-05-17 13:00:00,28,849,640,209,716,849,3600,30
2026-05-17 14:00:00,27.5,740,553,187,695.7,740,3600,4
2026-05-17 15:00:00,27,579,411,168,627.2,579,3600,9
2026-05-17 16:00:00,25.9,389,249,140,513.8,389,3600,15
2026-05-17 17:00:00,24.5,195.99999999999997,98,98,332.8,195.99999999999997,3600,19
2026-05-17 18:00:00,22.6,47,14,33,119.70000000000002,47,3600,34
2026-05-17 19:00:00,20.9,0,0,0,0,0,2495.86,36
2026-05-17 20:00:00,20.4,0,0,0,0,0,0,41
2026-05-17 21:00:00,19.3,0,0,0,0,0,0,77
2026-05-17 22:00:00,18.9,0,0,0,0,0,0,98
2026-05-17 23:00:00,19.1,0,0,0,0,0,0,99
2026-05-18 00:00:00,19.4,0,0,0,0,0,0,100
2026-05-18 01:00:00,19.6,0,0,0,0,0,0,100
2026-05-18 02:00:00,19.9,0,0,0,0,0,0,100
2026-05-18 03:00:00,20,0,0,0,0,0,0,98
2026-05-18 04:00:00,19.9,0,0,0,0,0,0,95
2026-05-18 05:00:00,19.6,14,0,14,0,14,0,100
2026-05-18 06:00:00,18.7,14,0,14,0,14,0,100
2026-05-18 07:00:00,18.4,28,0,28,0,28,0,100
2026-05-18 08:00:00,19,52,0,52,0,52,0,100
2026-05-18 09:00:00,18.9,57,0,57,0,57,0,100
2026-05-18 10:00:00,19,94,0,94,0,94,0,100
2026-05-18 11:00:00,19.2,87,0,87,0,87,0,100
2026-05-18 12:00:00,19.2,145,1,144,1.1,145,0,100
2026-05-18 13:00:00,19.5,83,0,83,0,83,0,100
2026-05-18 14:00:00,19.5,75,0,75,0,75,0,100
2026-05-18 15:00:00,19.5,139,0,139,0,139,0,100
2026-05-18 16:00:00,20.5,51,0,51,0,51,0,100
2026-05-18 17:00:00,20.1,27,0,27,0,27,0,100
2026-05-18 18:00:00,19.9,10,0,10,0,10,0,100
2026-05-18 19:00:00,19.5,0,0,0,0,0,0,100
2026-05-18 20:00:00,19.9,0,0,0,0,0,0,100
2026-05-18 21:00:00,19.5,0,0,0,0,0,0,100
2026-05-18 22:00:00,19.2,0,0,0,0,0,0,100
2026-05-18 23:00:00,19,0,0,0,0,0,0,100
2026-05-19 00:00:00,18.6,0,0,0,0,0,0,100
2026-05-19 01:00:00,18.4,0,0,0,0,0,0,100
2026-05-19 02:00:00,18.2,0,0,0,0,0,0,100
2026-05-19 03:00:00,18,0,0,0,0,0,0,100
2026-05-19 04:00:00,18,0,0,0,0,0,0,100
2026-05-19 05:00:00,17.9,6,0,6,0,6,0,100
2026-05-19 06:00:00,17.9,17,0,17,0,17,0,100
2026-05-19 07:00:00,18.1,53,0,53,0,53,0,100
2026-05-19 08:00:00,18.5,99,1,98,1.5,99,0,100
2026-05-19 09:00:00,18.9,98,0,98,0,98,0,100
2026-05-19 10:00:00,18.8,169,1,168,1.1,169,0,100
2026-05-19 11:00:00,19.2,224,3,220.99999999999997,3.2,224,0,100
2026-05-19 12:00:00,20.1,229,7,222,7.4,229,0,100
2026-05-19 13:00:00,20.6,232.99999999999997,8,225.00000000000003,8.9,232.99999999999997,0,100
2026-05-19 14:00:00,19.6,175,8,167,10,175,0,100
2026-05-19 15:00:00,19,206,15,191,22.8,206,0,100
2026-05-19 16:00:00,19.5,146,9,137,18.4,146,0,98
2026-05-19 17:00:00,19.5,63.00000000000001,1,62,3.3000000000000003,63.00000000000001,0,97
2026-05-19 18:00:00,19.1,19,0,19,0,19,0,100
2026-05-19 19:00:00,18.5,0,0,0,0,0,0,100
2026-05-19 20:00:00,18.5,0,0,0,0,0,0,99
2026-05-19 21:00:00,18.1,0,0,0,0,0,0,100
2026-05-19 22:00:00,17.8,0,0,0,0,0,0,100
2026-05-19 23:00:00,17.5,0,0,0,0,0,0,100
2026-05-20 00:00:00,17.5,0,0,0,0,0,0,100
2026-05-20 01:00:00,17.9,0,0,0,0,0,0,100
2026-05-20 02:00:00,18.3,0,0,0,0,0,0,100
2026-05-20 03:00:00,18.2,0,0,0,0,0,0,100
2026-05-20 04:00:00,17.9,0,0,0,0,0,0,100
2026-05-20 05:00:00,17.7,10,0,10,0,10,0,100
2026-05-20 06:00:00,17.8,42,0,42,0,42,0,100
2026-05-20 07:00:00,18.1,83,0,83,0,83,0,100
2026-05-20 08:00:00,18.3,100.00000000000001,1,98.99999999999999,1.5,100.00000000000001,0,100
2026-05-20 09:00:00,18,208,6,202,7.5,208,0,100
2026-05-20 10:00:00,18.5,269,10,259,11.1,269,0,100
2026-05-20 11:00:00,19,304,40,264,42.1,304,0,100
2026-05-20 12:00:00,19.4,382,66,316,69.6,382,0,100
2026-05-20 13:00:00,19.5,448,124,324,138.2,448,286.96,100
2026-05-20 14:00:00,19.3,276,24,252,30,276,2344.73,100
2026-05-20 15:00:00,18.6,231,26,205,39.4,231,0,100
2026-05-20 16:00:00,18.4,157,18,139,36.7,157,0,100
2026-05-20 17:00:00,17.6,56.99999999999999,1,55.99999999999999,3.3,56.99999999999999,0,100
2026-05-20 18:00:00,16.8,13,0,13,0,13,0,100
2026-05-20 19:00:00,16.4,0,0,0,0,0,0,100
2026-05-20 20:00:00,15.4,0,0,0,0,0,0,100
2026-05-20 21:00:00,15.2,0,0,0,0,0,0,100
2026-05-20 22:00:00,15.4,0,0,0,0,0,0,100
2026-05-20 23:00:00,15.6,0,0,0,0,0,0,100
2026-05-21 00:00:00,15.7,0,0,0,0,0,0,100
2026-05-21 01:00:00,15.6,0,0,0,0,0,0,100
2026-05-21 02:00:00,16,0,0,0,0,0,0,100
2026-05-21 03:00:00,16.1,0,0,0,0,0,0,100
2026-05-21 04:00:00,15.9,0,0,0,0,0,0,41
2026-05-21 05:00:00,15.4,40,5,35,40.8,40,0,59
2026-05-21 06:00:00,16.2,187,73,114,238.7,187,0,18
2026-05-21 07:00:00,17.1,346,172,174,347.5,346,3600,50
2026-05-21 08:00:00,18.5,572,380,192,572,572,3600,4
2026-05-21 09:00:00,20,739,536,202.99999999999997,667.9,739,3600,0
2026-05-21 10:00:00,21.7,821.9999999999999,568,254.00000000000003,631.1,821.9999999999999,3600,5
2026-05-21 11:00:00,22.6,922,708,214,745.1,922,3600,5
2026-05-21 12:00:00,23.5,913,697,216.00000000000003,733.8,913,3600,9
2026-05-21 13:00:00,24.1,853,646,207,718.8,853,3600,5
2026-05-21 14:00:00,24.4,741,553,188,690.9,741,3600,1
2026-05-21 15:00:00,24.2,582,414,168,625.7,582,3600,16
2026-05-21 16:00:00,23.8,358,174,184,353.7,358,3600,99
2026-05-21 17:00:00,22.9,137,21,116,69.3,137,3600,100
2026-05-21 18:00:00,21.2,52,14,38,115.5,52,280.38,64
2026-05-21 19:00:00,19.1,0,0,0,0,0,2118.97,23
2026-05-21 20:00:00,18.1,0,0,0,0,0,0,95
2026-05-21 21:00:00,17.3,0,0,0,0,0,0,100
2026-05-21 22:00:00,17,0,0,0,0,0,0,100
2026-05-21 23:00:00,16.9,0,0,0,0,0,0,96
2026-05-22 00:00:00,16.7,0,0,0,0,0,0,25
2026-05-22 01:00:00,16.2,0,0,0,0,0,0,60
2026-05-22 02:00:00,16.2,0,0,0,0,0,0,43
2026-05-22 03:00:00,16.1,0,0,0,0,0,0,38
2026-05-22 04:00:00,16.1,0,0,0,0,0,0,84
2026-05-22 05:00:00,16.2,43,9,34,72.9,43,0,74
2026-05-22 06:00:00,17,194,87,107,283,194,616.74,50
2026-05-22 07:00:00,18.4,361,190.99999999999997,170,384.8,361,3600,63
2026-05-22 08:00:00,20,570,389,181,584.5,570,3600,52
2026-05-22 09:00:00,21.8,720,508,212.00000000000003,632.2,720,3600,81
2026-05-22 10:00:00,23.5,732,418,314,463.9,732,3600,70
2026-05-22 11:00:00,24.5,577,143,434,150.3,577,3600,100
2026-05-22 12:00:00,24.5,626,189,437,198.8,626,2710.03,99
2026-05-22 13:00:00,24.7,559,208,351,231.2,559,3600,95
2026-05-22 14:00:00,24.2,517,171,346,213.3,517,3600,99
2026-05-22 15:00:00,24.1,384,97,287,146.3,384,3600,100
2026-05-22 16:00:00,23.5,197,35,162,70.9,197,2587.93,100
2026-05-22 17:00:00,22.2,133,27,106,88.6,133,326.78,98
2026-05-22 18:00:00,21,34,3,31,24.5,34,857.32,98
2026-05-22 19:00:00,19.1,0,0,0,0,0,0,100
2026-05-22 20:00:00,17.5,0,0,0,0,0,0,99
2026-05-22 21:00:00,16.8,0,0,0,0,0,0,100
2026-05-22 22:00:00,16.5,0,0,0,0,0,0,100
2026-05-22 23:00:00,16.5,0,0,0,0,0,0,100
2026-05-23 00:00:00,16.5,0,0,0,0,0,0,100
2026-05-23 01:00:00,16.6,0,0,0,0,0,0,100
2026-05-23 02:00:00,16.9,0,0,0,0,0,0,100
2026-05-23 03:00:00,17,0,0,0,0,0,0,100
2026-05-23 04:00:00,17,0,0,0,0,0,0,100
2026-05-23 05:00:00,17,33,2,31,16.1,33,0,100
2026-05-23 06:00:00,17.5,146,36,110,116.5,146,0,100
2026-05-23 07:00:00,18.8,342,157,185,315.5,342,1695.82,33
2026-05-23 08:00:00,19.6,460.99999999999994,202.00000000000003,259,303,460.99999999999994,3600,52
2026-05-23 09:00:00,21.2,547,238,309,295.8,547,3600,100
2026-05-23 10:00:00,22.2,656,311,344.99999999999994,344.8,656,3600,98
2026-05-23 11:00:00,23.4,871,596,275,626,871,3600,70
2026-05-23 12:00:00,24.8,908.0000000000001,669.0000000000001,239,702.9,908.0000000000001,3600,79
2026-05-23 13:00:00,26,766,418.00000000000006,348,464,766,3600,100
2026-05-23 14:00:00,26.5,684,402,282,500.6,684,3600,97
2026-05-23 15:00:00,26.8,474,184,290,276.8,474,3600,100
2026-05-23 16:00:00,26.5,270,51,219,102.9,270,3600,100
2026-05-23 17:00:00,25.7,153,24,129,78.2,153,1288.23,100
2026-05-23 18:00:00,24.7,50,8,42,64.9,50,546.85,93
2026-05-23 19:00:00,22.9,0,0,0,0,0,350.12,97
2026-05-23 20:00:00,21.5,0,0,0,0,0,0,98
2026-05-23 21:00:00,19.8,0,0,0,0,0,0,84
2026-05-23 22:00:00,18.6,0,0,0,0,0,0,97
2026-05-23 23:00:00,17.8,0,0,0,0,0,0,92
2026-05-24 00:00:00,17.2,0,0,0,0,0,0,80
2026-05-24 01:00:00,16.6,0,0,0,0,0,0,70
2026-05-24 02:00:00,16.8,0,0,0,0,0,0,95
2026-05-24 03:00:00,16.9,0,0,0,0,0,0,100
2026-05-24 04:00:00,17.4,0,0,0,0,0,0,100
2026-05-24 05:00:00,18,26,0,26,0,26,0,100
2026-05-24 06:00:00,18.5,80,0,80,0,80,0,100
2026-05-24 07:00:00,19,181,6,175,12,181,0,100
2026-05-24 08:00:00,20.5,277,13,264,19.5,277,0,100
2026-05-24 09:00:00,21.3,460.00000000000006,114,346.00000000000006,141.5,460.00000000000006,0,100
2026-05-24 10:00:00,22.9,578,200,378.00000000000006,221.5,578,2446,100
2026-05-24 11:00:00,23.7,661,239,422,250.79999999999998,661,3600,100
2026-05-24 12:00:00,24.4,719,312,407,327.5,719,3600,72
2026-05-24 13:00:00,25.2,687,329,358,364.8,687,3600,60
2026-05-24 14:00:00,25.1,544,207,337,257.4,544,3600,100
2026-05-24 15:00:00,24.5,454,204,250,306.2,454,3600,79
2026-05-24 16:00:00,23.7,213.00000000000003,31,182,62.400000000000006,213.00000000000003,3600,100
2026-05-24 17:00:00,22.9,113,15,98,48.6,113,70.68,98
2026-05-24 18:00:00,22.1,26,0,26,0,26,0,100
2026-05-24 19:00:00,21.3,0,0,0,0,0,0,100
2026-05-24 20:00:00,20.8,0,0,0,0,0,0,100
2026-05-24 21:00:00,19.9,0,0,0,0,0,0,100
2026-05-24 22:00:00,19.5,0,0,0,0,0,0,100
2026-05-24 23:00:00,19.2,0,0,0,0,0,0,100
2026-05-25 00:00:00,19,0,0,0,0,0,0,100
2026-05-25 01:00:00,18.9,0,0,0,0,0,0,100
2026-05-25 02:00:00,18.7,0,0,0,0,0,0,100
2026-05-25 03:00:00,18.6,0,0,0,0,0,0,100
2026-05-25 04:00:00,18.5,0,0,0,0,0,0,100
2026-05-25 05:00:00,18.5,38,2,36,15.9,38,0,99
2026-05-25 06:00:00,18.8,127,15,112,48.1,127,0,100
2026-05-25 07:00:00,19.5,150,6,144,12,150,0,100
2026-05-25 08:00:00,19.7,256,23,233,34.4,256,0,100
2026-05-25 09:00:00,20.8,243,10,233,12.399999999999999,243,0,100
2026-05-25 10:00:00,20.9,296,19,277,21,296,0,100
2026-05-25 11:00:00,22.2,257,8,249,8.4,257,0,100
2026-05-25 12:00:00,22.6,284,28,256,29.4,284,0,100
2026-05-25 13:00:00,22.2,84,0,84,0,84,0,100
2026-05-25 14:00:00,22,176,5,171,6.2,176,0,100
2026-05-25 15:00:00,22.2,108,1,107,1.5,108,0,100
2026-05-25 16:00:00,21.8,65,0,65,0,65,0,100
2026-05-25 17:00:00,21.4,20,0,20,0,20,0,100
2026-05-25 18:00:00,20.2,11,0,11,0,11,0,100
2026-05-25 19:00:00,19.5,0,0,0,0,0,0,100
2026-05-25 20:00:00,19.9,0,0,0,0,0,0,100
2026-05-25 21:00:00,19.4,0,0,0,0,0,0,100
2026-05-25 22:00:00,19.2,0,0,0,0,0,0,100
2026-05-25 23:00:00,19.2,0,0,0,0,0,0,100
2026-05-26 00:00:00,19.2,0,0,0,0,0,0,100
2026-05-26 01:00:00,19.2,0,0,0,0,0,0,100
2026-05-26 02:00:00,19.5,0,0,0,0,0,0,100
2026-05-26 03:00:00,19.4,0,0,0,0,0,0,100
2026-05-26 04:00:00,19.5,0,0,0,0,0,0,100
2026-05-26 05:00:00,19.5,8,0,8,0,8,0,100
2026-05-26 06:00:00,19.5,30,0,30,0,30,0,100
2026-05-26 07:00:00,19.5,89,1,88,2,89,0,100
2026-05-26 08:00:00,19.9,128,5,123,7.5,128,0,100
2026-05-26 09:00:00,20,220.99999999999997,5,216,6.2,220.99999999999997,0,100
2026-05-26 10:00:00,20.4,349,40,309,44.2,349,0,100
2026-05-26 11:00:00,21.2,315,27,288,28.3,315,0,100
2026-05-26 12:00:00,22.5,270,11,259,11.5,270,0,100
2026-05-26 13:00:00,22.8,238,9,229,10,238,0,100
2026-05-26 14:00:00,22.4,226,22,204,27.3,226,0,100
2026-05-26 15:00:00,21.4,143,5,138,7.5,143,0,100
2026-05-26 16:00:00,20.6,92,1,91,2,92,0,100
2026-05-26 17:00:00,20,36,0,36,0,36,0,100
2026-05-26 18:00:00,19.4,10,0,10,0,10,0,100
2026-05-26 19:00:00,18.8,0,0,0,0,0,0,100
2026-05-26 20:00:00,18.6,0,0,0,0,0,0,100
2026-05-26 21:00:00,18.5,0,0,0,0,0,0,100
2026-05-26 22:00:00,18.4,0,0,0,0,0,0,100
2026-05-26 23:00:00,18.2,0,0,0,0,0,0,100
2026-05-27 00:00:00,18,0,0,0,0,0,0,100
2026-05-27 01:00:00,18,0,0,0,0,0,0,100
2026-05-27 02:00:00,18.3,0,0,0,0,0,0,100
2026-05-27 03:00:00,18.1,0,0,0,0,0,0,100
2026-05-27 04:00:00,18,0,0,0,0,0,0,100
2026-05-27 05:00:00,18,17,0,17,0,17,0,100
2026-05-27 06:00:00,18.1,67,0,67,0,67,0,100
2026-05-27 07:00:00,18.5,78,1,77,2,78,0,100
2026-05-27 08:00:00,18.8,202,14,188,20.9,202,0,100
2026-05-27 09:00:00,19.6,189,14,175,17.3,189,0,100
2026-05-27 10:00:00,19.6,295,12,283,13.3,295,0,100
2026-05-27 11:00:00,20.5,289,32,257,33.5,289,0,100
2026-05-27 12:00:00,20.9,349,31,318,32.4,349,0,100
2026-05-27 13:00:00,21.6,490,107,383,118.2,490,0,99
2026-05-27 14:00:00,21.9,386,53,333,65.6,386,1746.73,100
2026-05-27 15:00:00,22.4,277,58,219,86.5,277,168.1,99
2026-05-27 16:00:00,22,335.00000000000006,153,182,304.6,335.00000000000006,795.14,22
2026-05-27 17:00:00,22.1,199,91,108,289.3,199,3600,4
2026-05-27 18:00:00,21.5,57,17,40,133.7,57,3600,9
2026-05-27 19:00:00,20,1,0,1,0,0,2439.4,0
2026-05-27 20:00:00,18.8,0,0,0,0,0,0,2
2026-05-27 21:00:00,18.1,0,0,0,0,0,0,11
2026-05-27 22:00:00,17.7,0,0,0,0,0,0,88
2026-05-27 23:00:00,17.6,0,0,0,0,0,0,55
2026-05-28 00:00:00,17.4,0,0,0,0,0,0,10
2026-05-28 01:00:00,17,0,0,0,0,0,0,0
2026-05-28 02:00:00,17.2,0,0,0,0,0,0,0
2026-05-28 03:00:00,17.1,0,0,0,0,0,0,2
2026-05-28 04:00:00,17.4,1,0,1,0,0,0,0
2026-05-28 05:00:00,17.8,58,18,40,141.3,58,0,0
2026-05-28 06:00:00,19.5,201,93,108,295,201,2663.36,6
2026-05-28 07:00:00,21.7,383,230.99999999999997,152,459.3,383,3600,3
2026-05-28 08:00:00,23.6,577,402,175.00000000000003,598.9,577,3600,0
2026-05-28 09:00:00,25,734,539,194.99999999999997,666.6,734,3600,0
2026-05-28 10:00:00,26.2,794.9999999999999,553,242,610.5,794.9999999999999,3600,13
2026-05-28 11:00:00,26.8,829,563,266,588.9,829,3600,26
2026-05-28 12:00:00,27,874,651,223,680.8,874,3600,11
2026-05-28 13:00:00,27.1,857,662,195,730.7,857,3600,5
2026-05-28 14:00:00,26.2,733,543,190,671.1,733,3600,3
2026-05-28 15:00:00,25.6,560,384,176,571.5,560,3600,7
2026-05-28 16:00:00,24.5,397,258,139,512,397,3600,7
2026-05-28 17:00:00,23.5,216,114,102,360.3,216,3600,34
2026-05-28 18:00:00,22.4,55,16,39,124.90000000000002,55,3600,71
2026-05-28 19:00:00,20.5,1,0,1,0,0,2121.46,57
2026-05-28 20:00:00,19.9,0,0,0,0,0,0,25
2026-05-28 21:00:00,19.2,0,0,0,0,0,0,23
2026-05-28 22:00:00,18.6,0,0,0,0,0,0,56
2026-05-28 23:00:00,18.2,0,0,0,0,0,0,2
2026-05-29 00:00:00,17.7,0,0,0,0,0,0,9
2026-05-29 01:00:00,17.2,0,0,0,0,0,0,16
2026-05-29 02:00:00,17,0,0,0,0,0,0,22
2026-05-29 03:00:00,16.5,0,0,0,0,0,0,0
2026-05-29 04:00:00,16.2,1,0,1,0,0,0,0
2026-05-29 05:00:00,16,66,25,41,195.4,66,0,0
2026-05-29 06:00:00,17.6,229,133,96,420.5,229,3600,0
2026-05-29 07:00:00,20,424,294,130,583.6,424,3600,0
2026-05-29 08:00:00,22.6,609,454,155,675.7,609,3600,0
2026-05-29 09:00:00,24.8,768.0000000000001,595,173,735.3,768.0000000000001,3600,2
2026-05-29 10:00:00,26.5,880,694,185.99999999999997,765.7,880,3600,5
2026-05-29 11:00:00,27.6,938,747,190.99999999999997,780.8000000000001,938,3600,9
2026-05-29 12:00:00,28.4,938.9999999999999,748.9999999999999,190,782.7,938.9999999999999,3600,2
2026-05-29 13:00:00,28.9,835,583,252,642.8,835,3600,85
2026-05-29 14:00:00,29.1,729,507,222,625.7,729,3600,55
2026-05-29 15:00:00,29.3,564,361,203,536.2,564,3600,91
2026-05-29 16:00:00,29.2,400,253,147,500.5,400,3600,41
2026-05-29 17:00:00,28.7,225,129,96,405.3,225,3600,16
2026-05-29 18:00:00,27,66,26.000000000000004,40,201.5,66,3600,21
2026-05-29 19:00:00,24.8,1,0,1,0,0,3600,5
2026-05-29 20:00:00,23.5,0,0,0,0,0,0,5
2026-05-29 21:00:00,22.5,0,0,0,0,0,0,2
2026-05-29 22:00:00,21.8,0,0,0,0,0,0,1
2026-05-29 23:00:00,21,0,0,0,0,0,0,0
2026-05-30 00:00:00,20,0,0,0,0,0,0,2
2026-05-30 01:00:00,19.7,0,0,0,0,0,0,1
2026-05-30 02:00:00,19.6,0,0,0,0,0,0,0
2026-05-30 03:00:00,19.6,0,0,0,0,0,0,5
2026-05-30 04:00:00,19.5,1,0,1,0,0,0,43
2026-05-30 05:00:00,19.5,62,16,46,124.6,62,0,92
2026-05-30 06:00:00,20.9,211,95,116,299.5,211,2090.96,100
2026-05-30 07:00:00,23.3,405,248.99999999999997,156,493.5,405,3600,95
2026-05-30 08:00:00,26.7,606,441.99999999999994,164,657.2,606,3600,20
2026-05-30 09:00:00,29,769,597,172,737.2,769,3600,8
2026-05-30 10:00:00,30.6,886.0000000000001,708.0000000000001,178,780.6000000000001,886.0000000000001,3600,0
2026-05-30 11:00:00,31.5,945.9999999999999,763,183.00000000000003,796.9,945.9999999999999,3600,0
2026-05-30 12:00:00,32,946,763,183,796.7,946,3600,0
2026-05-30 13:00:00,32.5,886,709,177,780.9,886,3600,0
2026-05-30 14:00:00,32.8,773,607,166,748.1,773,3600,0
2026-05-30 15:00:00,32.8,614,465,149,689.2,614,3600,0
2026-05-30 16:00:00,32.4,425,299,126,589.6,425,3600,0
2026-05-30 17:00:00,31.4,229.99999999999997,138,92,431.1,229.99999999999997,3600,0
2026-05-30 18:00:00,29.5,68,27,41,207.8,68,3600,0
2026-05-30 19:00:00,27.8,1,0,1,0,0,3600,0
2026-05-30 20:00:00,26.9,0,0,0,0,0,0,0
2026-05-30 21:00:00,25.9,0,0,0,0,0,0,0
2026-05-30 22:00:00,24.7,0,0,0,0,0,0,0
2026-05-30 23:00:00,23.8,0,0,0,0,0,0,0
2026-05-31 00:00:00,23.2,0,0,0,0,0,0,0
2026-05-31 01:00:00,22.5,0,0,0,0,0,0,0
2026-05-31 02:00:00,22.4,0,0,0,0,0,0,5
2026-05-31 03:00:00,22,0,0,0,0,0,0,75
2026-05-31 04:00:00,21.7,1,0,1,0,0,0,74
2026-05-31 05:00:00,21.2,66,26,40,201.8,66,0,27
2026-05-31 06:00:00,21.9,226,132,94,415,226,3600,16
2026-05-31 07:00:00,23.6,417.99999999999994,286,132,566.1,417.99999999999994,3600,55
2026-05-31 08:00:00,25.8,604,444.00000000000006,160,659.6,604,3600,75
2026-05-31 09:00:00,28.2,748.0000000000001,538,210,663.9,748.0000000000001,3600,83
2026-05-31 10:00:00,30.4,872.0000000000001,676,196,744.9,872.0000000000001,3600,78
2026-05-31 11:00:00,31.9,929.9999999999999,728,202,759.9,929.9999999999999,3600,91
2026-05-31 12:00:00,32.7,928,725,203,756.4,928,3600,70
2026-05-31 13:00:00,33,858,646,212,710.8,858,3600,70
2026-05-31 14:00:00,33.2,711,468.00000000000006,243,576,711,3600,79
2026-05-31 15:00:00,32.9,542,300,242,443.8,542,3600,95
2026-05-31 16:00:00,32.5,345,150,195,294.9,345,3600,96
2026-05-31 17:00:00,31.9,150,40,110,124.30000000000001,150,3600,98
2026-05-31 18:00:00,30.8,60,14.999999999999998,45,114.6,60,1927.53,90
2026-05-31 19:00:00,29.4,1,0,1,0,0,1702.13,86
2026-05-31 20:00:00,27.4,0,0,0,0,0,0,99
2026-05-31 21:00:00,25.9,0,0,0,0,0,0,99
2026-05-31 22:00:00,25.6,0,0,0,0,0,0,96
2026-05-31 23:00:00,25.1,0,0,0,0,0,0,98
2026-06-01 00:00:00,24.5,0,0,0,0,0,0,91
2026-06-01 01:00:00,24.1,0,0,0,0,0,0,99
2026-06-01 02:00:00,24.1,0,0,0,0,0,0,95
2026-06-01 03:00:00,23.7,0,0,0,0,0,0,81
2026-06-01 04:00:00,23.4,1,0,1,0,0,0,96
2026-06-01 05:00:00,23.2,54,8,46,61.9,54,0,100
2026-06-01 06:00:00,23.7,161,34,127,106.6,161,113.87,99
2026-06-01 07:00:00,24.9,308,102,206.00000000000003,201.6,308,1398.96,99
2026-06-01 08:00:00,26.8,432,171,261,253.9,432,3600,97
2026-06-01 09:00:00,28.2,550,209.00000000000003,341,257.8,550,3600,98
2026-06-01 10:00:00,29.6,765,451,314,496.69999999999993,765,3600,98
2026-06-01 11:00:00,31.1,902.9999999999999,687,216,716.7,902.9999999999999,3600,62
2026-06-01 12:00:00,32.3,917,723,194,753.8000000000001,917,3600,19
2026-06-01 13:00:00,33,854,657,197,722.2,854,3600,37
2026-06-01 14:00:00,33,748,574,174,705.5,748,3600,0
2026-06-01 15:00:00,32.8,595,440,155,649.6,595,3600,0
2026-06-01 16:00:00,32.2,413,283,130,554.7,413,3600,0
2026-06-01 17:00:00,31.2,226,131,95,404.7,226,3600,1
2026-06-01 18:00:00,29.6,68,26,42,197.39999999999998,68,3600,0
2026-06-01 19:00:00,27.5,1,0,1,0,0,3600,0
2026-06-01 20:00:00,26,0,0,0,0,0,0,0
2026-06-01 21:00:00,24.2,0,0,0,0,0,0,6
2026-06-01 22:00:00,22.9,0,0,0,0,0,0,22
2026-06-01 23:00:00,21.8,0,0,0,0,0,0,20
2026-06-02 00:00:00,20.9,0,0,0,0,0,0,0
2026-06-02 01:00:00,20,0,0,0,0,0,0,0
2026-06-02 02:00:00,19.8,0,0,0,0,0,0,0
2026-06-02 03:00:00,19.2,0,0,0,0,0,0,0
2026-06-02 04:00:00,18.8,1,0,1,0,0,0,0
2026-06-02 05:00:00,18.3,67,26,41,200.6,67,0,1
2026-06-02 06:00:00,19.1,228,133,95,416.2,228,3600,9
2026-06-02 07:00:00,21,420,288,132,568.7,420,3600,20
2026-06-02 08:00:00,23.1,602,438,164,649.8,602,3600,30
2026-06-02 09:00:00,25.2,763,580,183,715,763,3600,26
2026-06-02 10:00:00,27.2,882,696,186,766.1999999999999,882,3600,45
2026-06-02 11:00:00,29.2,945.9999999999999,763,183,795.5,945.9999999999999,3600,19
2026-06-02 12:00:00,30.8,947.9999999999999,769,179,801.2,947.9999999999999,3600,0
2026-06-02 13:00:00,31.8,889,714,175,784.2,889,3600,7
2026-06-02 14:00:00,31.9,771,603,168,740.2,771,3600,30
2026-06-02 15:00:00,31.6,615,466,149,686.7,615,3600,16
2026-06-02 16:00:00,31.2,428,300,128,586.3,428,3600,27
2026-06-02 17:00:00,30.1,234,139,95,427.2,234,3600,49
2026-06-02 18:00:00,28.1,70,25,45,188.6,70,3600,80
2026-06-02 19:00:00,25.6,1,0,1,0,0,3600,99
2026-06-02 20:00:00,23.8,0,0,0,0,0,0,97
2026-06-02 21:00:00,21.8,0,0,0,0,0,0,98
2026-06-02 22:00:00,20.8,0,0,0,0,0,0,98
2026-06-02 23:00:00,20.2,0,0,0,0,0,0,90
2026-06-03 00:00:00,19.6,0,0,0,0,0,0,87
2026-06-03 01:00:00,19.4,0,0,0,0,0,0,92
2026-06-03 02:00:00,19.2,0,0,0,0,0,0,97
2026-06-03 03:00:00,18.9,0,0,0,0,0,0,99
2026-06-03 04:00:00,18.8,1,0,1,0,0,0,99
2026-06-03 05:00:00,19,50,4,46,30.8,50,0,98
2026-06-03 06:00:00,19.9,179,49,130,153,179,0,98
2026-06-03 07:00:00,21.4,362,183,179,361,362,2791.05,83
2026-06-03 08:00:00,22.4,335,45,290,66.7,335,3600,100
2026-06-03 09:00:00,23.3,466,141,325,173.7,466,201.52,98
2026-06-03 10:00:00,24.9,606,201.00000000000003,405,221.2,606,3412.07,100
2026-06-03 11:00:00,26.6,750.9999999999999,335,415.99999999999994,349.1,750.9999999999999,3600,100
2026-06-03 12:00:00,28.6,801.0000000000001,426,375,443.5,801.0000000000001,3600,98
2026-06-03 13:00:00,30,795,513,282,562.9,795,3600,95
2026-06-03 14:00:00,30.7,695,427,268,523.5,695,3600,87
2026-06-03 15:00:00,30,497,238,259,350.1,497,3600,96
2026-06-03 16:00:00,29.1,285,68,217,132.5,285,3600,99
2026-06-03 17:00:00,28,178,51,127,155.9,178,2175.23,98
2026-06-03 18:00:00,26.5,58,9,48.99999999999999,67.1,58,2877.93,95
2026-06-03 19:00:00,24.5,1,0,1,0,1,212.32,87
2026-06-03 20:00:00,23.6,0,0,0,0,0,0,62
2026-06-03 21:00:00,22.1,0,0,0,0,0,0,70
2026-06-03 22:00:00,21.2,0,0,0,0,0,0,38
2026-06-03 23:00:00,20.9,0,0,0,0,0,0,66
2026-06-04 00:00:00,20.2,0,0,0,0,0,0,100
2026-06-04 01:00:00,19.8,0,0,0,0,0,0,99
2026-06-04 02:00:00,19.6,0,0,0,0,0,0,100
2026-06-04 03:00:00,19.4,0,0,0,0,0,0,100
2026-06-04 04:00:00,19.3,1,0,1,0,0,0,15
2026-06-04 05:00:00,18.9,43,5,38,38.4,43,0,100
2026-06-04 06:00:00,19.6,76,1,75,3.1,76,0,100
2026-06-04 07:00:00,20.2,103,0,103,0,103,0,100
2026-06-04 08:00:00,22.1,270,69,201,102.2,270,0,84
2026-06-04 09:00:00,21,256,2,254,2.5,256,1267.41,100
2026-06-04 10:00:00,21.5,666,245,420.99999999999994,269.5,666,0,100
2026-06-04 11:00:00,23.7,861,594,267,618.7,861,3600,46
2026-06-04 12:00:00,24.7,892,632,260,657.6,892,3600,24
2026-06-04 13:00:00,25,780,517,263,566.8,780,3600,13
2026-06-04 14:00:00,25,614,356,258,435.9,614,3600,63
2026-06-04 15:00:00,24.8,526,316,210,464.00000000000006,526,3600,41
2026-06-04 16:00:00,23.7,411,269,142,522.7,411,3600,9
2026-06-04 17:00:00,23.2,222,122,100,371.2,222,3600,21
2026-06-04 18:00:00,22.1,71,27,44,198.6,71,3600,6
2026-06-04 19:00:00,20.3,2,0,2,0,2,3600,2
2026-06-04 20:00:00,19.1,0,0,0,0,0,0,5
2026-06-04 21:00:00,18,0,0,0,0,0,0,0
2026-06-04 22:00:00,17,0,0,0,0,0,0,1
2026-06-04 23:00:00,16.4,0,0,0,0,0,0,0
2026-06-05 00:00:00,15.9,0,0,0,0,0,0,0
2026-06-05 01:00:00,15.4,0,0,0,0,0,0,1
2026-06-05 02:00:00,15.3,0,0,0,0,0,0,53
2026-06-05 03:00:00,15.1,0,0,0,0,0,0,25
2026-06-05 04:00:00,14.9,1,0,1,0,0,0,86
2026-06-05 05:00:00,15.1,58,16,42,122.70000000000002,58,0,69
2026-06-05 06:00:00,16.9,168,51,116.99999999999999,158.8,168,1935.72,91
2026-06-05 07:00:00,18.8,231.99999999999997,61.99999999999999,170,122.1,231.99999999999997,2962.92,86
2026-06-05 08:00:00,19.3,547,354,193.00000000000003,524.3,547,1863.74,51
2026-06-05 09:00:00,22.1,679,434.00000000000006,245.00000000000003,534.4,679,3600,80
2026-06-05 10:00:00,23.9,761,488.00000000000006,273,536.6,761,3600,48
2026-06-05 11:00:00,25.1,773.9999999999999,448,326,466.4,773.9999999999999,3600,75
2026-06-05 12:00:00,26,727,404,323,420.1,727,3600,51
2026-06-05 13:00:00,26.1,780,539,241,590.4,780,3600,26
2026-06-05 14:00:00,27.3,706,492,214,601.8,706,3600,32
2026-06-05 15:00:00,27.8,525,326,199,477.9,525,3600,34
2026-06-05 16:00:00,27.2,370,211,159,408.9,370,3600,73
2026-06-05 17:00:00,24.3,198,95,103,287.7,198,3600,15
2026-06-05 18:00:00,22.8,53,14.999999999999998,38,108.90000000000002,53,3600,44
2026-06-05 19:00:00,21.3,1,0,1,0,1,1468.38,39
2026-06-05 20:00:00,21,0,0,0,0,0,0,12
2026-06-05 21:00:00,20.4,0,0,0,0,0,0,12
2026-06-05 22:00:00,19.9,0,0,0,0,0,0,73
2026-06-05 23:00:00,19.2,0,0,0,0,0,0,93
2026-06-06 00:00:00,18.8,0,0,0,0,0,0,95
2026-06-06 01:00:00,18.6,0,0,0,0,0,0,98
2026-06-06 02:00:00,18.5,0,0,0,0,0,0,100
2026-06-06 03:00:00,17.4,0,0,0,0,0,0,100
2026-06-06 04:00:00,17.1,0,0,0,0,0,0,100
2026-06-06 05:00:00,17,3,0,3,0,3,0,100
2026-06-06 06:00:00,16.7,20,0,20,0,20,0,100
2026-06-06 07:00:00,16.6,44,0,44,0,44,0,100
2026-06-06 08:00:00,17,79,0,79,0,79,0,100
2026-06-06 09:00:00,17.5,144,5,139,6.2,144,0,100
2026-06-06 10:00:00,17.8,244,10,234,11,244,0,100
2026-06-06 11:00:00,19.2,207,2,205,2.1,207,0,100
2026-06-06 12:00:00,20.2,331,62,269,64.4,331,0,100
2026-06-06 13:00:00,22.5,408.00000000000006,92,316,100.7,408.00000000000006,133.14,98
2026-06-06 14:00:00,23.2,173,8,165,9.8,173,1221.01,100
2026-06-06 15:00:00,22.1,289,108,181,158.1,289,0,98
2026-06-06 16:00:00,22.7,265,72,192.99999999999997,139.2,265,2941.51,88
2026-06-06 17:00:00,22.4,105,21,84,63.3,105,2375.42,100
2026-06-06 18:00:00,21.4,33,3,30,21.499999999999996,33,98.9,100
2026-06-06 19:00:00,20.8,0,0,0,0,0,0,100
2026-06-06 20:00:00,20.4,0,0,0,0,0,0,100
2026-06-06 21:00:00,19.9,0,0,0,0,0,0,100
2026-06-06 22:00:00,19.5,0,0,0,0,0,0,100
2026-06-06 23:00:00,18.6,0,0,0,0,0,0,100
2026-06-07 00:00:00,17.9,0,0,0,0,0,0,100
2026-06-07 01:00:00,17.7,0,0,0,0,0,0,100
2026-06-07 02:00:00,17,0,0,0,0,0,0,96
2026-06-07 03:00:00,16,0,0,0,0,0,0,96
2026-06-07 04:00:00,15,1,0,1,0,0,0,95
2026-06-07 05:00:00,14.8,43,2,41,15.300000000000002,43,0,100
2026-06-07 06:00:00,15.4,155,25,130,77.6,155,0,100
2026-06-07 07:00:00,16,312,103,209,202.7,312,529.24,77
2026-06-07 08:00:00,17.8,493,229,264,339,493,3600,77
2026-06-07 09:00:00,19.1,738,502,236,617.8,738,3600,47
2026-06-07 10:00:00,20.5,857,630,227,692.2999999999998,857,3600,51
2026-06-07 11:00:00,21.5,924,690,234,717.8,924,3600,45
2026-06-07 12:00:00,22.2,947.0000000000001,750,197,779.1,947.0000000000001,3600,0
2026-06-07 13:00:00,22.6,893,705,188,771.1,893,3600,0
2026-06-07 14:00:00,22.6,732,545,187,665.1,732,3600,64
2026-06-07 15:00:00,22.6,600,424,176,619.5,600,3600,31
2026-06-07 16:00:00,22.5,427,291,136,561.1,427,3600,4
2026-06-07 17:00:00,22,238,134,104,402.1,238,3600,45
2026-06-07 18:00:00,21.2,76,27.000000000000004,48.99999999999999,191.60000000000002,76,3600,45
2026-06-07 19:00:00,19.1,2,0,2,0,2,3600,94
2026-06-07 20:00:00,17.7,0,0,0,0,0,0,64
2026-06-07 21:00:00,16.8,0,0,0,0,0,0,92
2026-06-07 22:00:00,16.5,0,0,0,0,0,0,98
2026-06-07 23:00:00,16.4,0,0,0,0,0,0,100
2026-06-08 00:00:00,15.9,0,0,0,0,0,0,100
2026-06-08 01:00:00,15.9,0,0,0,0,0,0,100
2026-06-08 02:00:00,16,0,0,0,0,0,0,100
2026-06-08 03:00:00,15.9,0,0,0,0,0,0,88
2026-06-08 04:00:00,15.4,1,0,1,0,0,0,30
2026-06-08 05:00:00,14.9,69,25,44,190.9,69,0,59
2026-06-08 06:00:00,17,216,104,112,322.7,216,3600,79
2026-06-08 07:00:00,19.6,416,276,140,542.9,416,3600,43
2026-06-08 08:00:00,22.3,606,444.99999999999994,160.99999999999997,658.6,606,3600,0
2026-06-08 09:00:00,24.5,770,601,169,739.3999999999999,770,3600,0
2026-06-08 10:00:00,26,884,703.9999999999999,180,773.4000000000001,884,3600,0
2026-06-08 11:00:00,27.1,904,711,193,739.4,904,3600,3
2026-06-08 12:00:00,27.9,901,692,209,718.5,901,3600,16
2026-06-08 13:00:00,28.4,837,643,194,702.8,837,3600,13
2026-06-08 14:00:00,28.5,776,608,168,741.3,776,3600,2
2026-06-08 15:00:00,29,621,470,151,685.7,621,3600,2
2026-06-08 16:00:00,29.1,434,307,127,590.6,434,3600,4
2026-06-08 17:00:00,28.7,244.00000000000003,149,95,445.3,244.00000000000003,3600,2
2026-06-08 18:00:00,27.5,79,33,46.00000000000001,231.6,79,3600,1
2026-06-08 19:00:00,24.8,2,0,2,0,2,3600,0
2026-06-08 20:00:00,23.8,0,0,0,0,0,0,2
2026-06-08 21:00:00,22.9,0,0,0,0,0,0,0
2026-06-08 22:00:00,21.8,0,0,0,0,0,0,0
2026-06-08 23:00:00,21.2,0,0,0,0,0,0,0
2026-06-09 00:00:00,21,0,0,0,0,0,0,0
2026-06-09 01:00:00,20.6,0,0,0,0,0,0,0
2026-06-09 02:00:00,20.6,0,0,0,0,0,0,0
2026-06-09 03:00:00,20,0,0,0,0,0,0,42
2026-06-09 04:00:00,19.6,1,0,1,0,0,0,15
2026-06-09 05:00:00,18.5,64,19,45,144.9,64,0,70
2026-06-09 06:00:00,20.6,189,82,107,254.29999999999998,189,2573.95,52
2026-06-09 07:00:00,22.8,328,166,162,326.40000000000003,328,3600,61
2026-06-09 08:00:00,25,480,258,222,381.8,480,3600,35
2026-06-09 09:00:00,26.1,495,247,248,303.9,495,3600,64
2026-06-09 10:00:00,26.1,776.9999999999999,550,227,604.1,776.9999999999999,3600,42
2026-06-09 11:00:00,27.6,771,486,285,505.3,771,3600,77
2026-06-09 12:00:00,28,840.9999999999999,581,260,603,840.9999999999999,3600,41
2026-06-09 13:00:00,30.8,819,600.9999999999999,218,656.3999999999999,819,3600,23
2026-06-09 14:00:00,31.2,642,420,222,511.6,642,3600,21
2026-06-09 15:00:00,30.1,468,307,161,447.2,468,3600,52
2026-06-09 16:00:00,26.8,359,220,139,422.3,359,3600,27
2026-06-09 17:00:00,26.4,226,126,100,375.1,226,3600,10
2026-06-09 18:00:00,25,73,28,45,194.6,73,3600,8
2026-06-09 19:00:00,24,2,0,2,0,2,3600,3
2026-06-09 20:00:00,21.9,0,0,0,0,0,0,2
2026-06-09 21:00:00,20.6,0,0,0,0,0,0,1
2026-06-09 22:00:00,19.7,0,0,0,0,0,0,1
2026-06-09 23:00:00,19,0,0,0,0,0,0,1
2026-06-10 00:00:00,19.02538860103627,0,0,0,0,0,0,1.4455958549222798
2026-06-10 01:00:00,19.05077720207254,0,0,0,0,0,0,1.8911917098445596
2026-06-10 02:00:00,19.076165803108807,0,0,0,0,0,0,2.3367875647668397
2026-06-10 03:00:00,19.101554404145077,0,0,0,0,0,0,2.7823834196891193
2026-06-10 04:00:00,19.126943005181346,0,0,0,0,0,0,3.227979274611399
2026-06-10 05:00:00,19.152331606217615,0,0,0,0,0,0,3.673575129533679
2026-06-10 06:00:00,19.177720207253888,0,0,0,0,0,0,4.119170984455959
2026-06-10 07:00:00,19.203108808290157,0,0,0,0,0,0,4.564766839378239
2026-06-10 08:00:00,19.228497409326426,0,0,0,0,0,0,5.010362694300518
2026-06-10 09:00:00,19.253886010362695,0,0,0,0,0,0,5.455958549222798
2026-06-10 10:00:00,19.279274611398964,0,0,0,0,0,0,5.901554404145077
2026-06-10 11:00:00,19.304663212435234,0,0,0,0,0,0,6.347150259067358
2026-06-10 12:00:00,19.330051813471503,0,0,0,0,0,0,6.7927461139896375
2026-06-10 13:00:00,19.355440414507772,0,0,0,0,0,0,7.238341968911917
2026-06-10 14:00:00,19.38082901554404,0,0,0,0,0,0,7.683937823834197
2026-06-10 15:00:00,19.40621761658031,0,0,0,0,0,0,8.129533678756477
2026-06-10 16:00:00,19.43160621761658,0,0,0,0,0,0,8.575129533678757
2026-06-10 17:00:00,19.45699481865285,0,0,0,0,0,0,9.020725388601036
2026-06-10 18:00:00,19.482383419689118,0,0,0,0,0,0,9.466321243523316
2026-06-10 19:00:00,19.507772020725387,0,0,0,0,0,0,9.911917098445596
2026-06-10 20:00:00,19.53316062176166,0,0,0,0,0,0,10.357512953367875
2026-06-10 21:00:00,19.55854922279793,0,0,0,0,0,0,10.803108808290155
2026-06-10 22:00:00,19.583937823834198,0,0,0,0,0,0,11.248704663212434
2026-06-10 23:00:00,19.609326424870467,0,0,0,0,0,0,11.694300518134716
2026-06-11 00:00:00,19.634715025906736,0,0,0,0,0,0,12.139896373056995
2026-06-11 01:00:00,19.660103626943005,0,0,0,0,0,0,12.585492227979275
2026-06-11 02:00:00,19.685492227979275,0,0,0,0,0,0,13.031088082901555
2026-06-11 03:00:00,19.710880829015544,0,0,0,0,0,0,13.476683937823834
2026-06-11 04:00:00,19.736269430051813,0,0,0,0,0,0,13.922279792746114
2026-06-11 05:00:00,19.761658031088082,0,0,0,0,0,0,14.367875647668393
2026-06-11 06:00:00,19.78704663212435,0,0,0,0,0,0,14.813471502590673
2026-06-11 07:00:00,19.81243523316062,0,0,0,0,0,0,15.259067357512953
2026-06-11 08:00:00,19.83782383419689,0,0,0,0,0,0,15.704663212435232
2026-06-11 09:00:00,19.86321243523316,0,0,0,0,0,0,16.150259067357513
2026-06-11 10:00:00,19.88860103626943,0,0,0,0,0,0,16.59585492227979
2026-06-11 11:00:00,19.9139896373057,0,0,0,0,0,0,17.041450777202073
2026-06-11 12:00:00,19.93937823834197,0,0,0,0,0,0,17.48704663212435
2026-06-11 13:00:00,19.96476683937824,0,0,0,0,0,0,17.932642487046632
2026-06-11 14:00:00,19.990155440414508,0,0,0,0,0,0,18.378238341968913
2026-06-11 15:00:00,20.015544041450777,0,0,0,0,0,0,18.82383419689119
2026-06-11 16:00:00,20.040932642487046,0,0,0,0,0,0,19.269430051813472
2026-06-11 17:00:00,20.066321243523316,0,0,0,0,0,0,19.71502590673575
2026-06-11 18:00:00,20.091709844559585,0,0,0,0,0,0,20.16062176165803
2026-06-11 19:00:00,20.117098445595854,0,0,0,0,0,0,20.60621761658031
2026-06-11 20:00:00,20.142487046632123,0,0,0,0,0,0,21.05181347150259
2026-06-11 21:00:00,20.167875647668392,0,0,0,0,0,0,21.49740932642487
2026-06-11 22:00:00,20.19326424870466,0,0,0,0,0,0,21.94300518134715
2026-06-11 23:00:00,20.218652849740934,0,0,0,0,0,0,22.38860103626943
2026-06-12 00:00:00,20.244041450777203,0,0,0,0,0,0,22.83419689119171
2026-06-12 01:00:00,20.269430051813472,0,0,0,0,0,0,23.27979274611399
2026-06-12 02:00:00,20.29481865284974,0,0,0,0,0,0,23.72538860103627
2026-06-12 03:00:00,20.32020725388601,0,0,0,0,0,0,24.17098445595855
2026-06-12 04:00:00,20.34559585492228,0,0,0,0,0,0,24.616580310880828
2026-06-12 05:00:00,20.37098445595855,0,0,0,0,0,0,25.06217616580311
2026-06-12 06:00:00,20.39637305699482,0,0,0,0,0,0,25.507772020725387
2026-06-12 07:00:00,20.421761658031087,0,0,0,0,0,0,25.95336787564767
2026-06-12 08:00:00,20.447150259067357,0,0,0,0,0,0,26.39896373056995
2026-06-12 09:00:00,20.472538860103626,0,0,0,0,0,0,26.844559585492227
2026-06-12 10:00:00,20.497927461139895,0,0,0,0,0,0,27.29015544041451
2026-06-12 11:00:00,20.523316062176164,0,0,0,0,0,0,27.735751295336787
2026-06-12 12:00:00,20.548704663212433,0,0,0,0,0,0,28.181347150259068
2026-06-12 13:00:00,20.574093264248702,0,0,0,0,0,0,28.626943005181346
2026-06-12 14:00:00,20.599481865284975,0,0,0,0,0,0,29.072538860103627
2026-06-12 15:00:00,20.624870466321244,0,0,0,0,0,0,29.518134715025905
2026-06-12 16:00:00,20.650259067357513,0,0,0,0,0,0,29.963730569948186
2026-06-12 17:00:00,20.675647668393783,0,0,0,0,0,0,30.409326424870464
2026-06-12 18:00:00,20.701036269430052,0,0,0,0,0,0,30.854922279792746
2026-06-12 19:00:00,20.72642487046632,0,0,0,0,0,0,31.300518134715027
2026-06-12 20:00:00,20.75181347150259,0,0,0,0,0,0,31.746113989637305
2026-06-12 21:00:00,20.77720207253886,0,0,0,0,0,0,32.19170984455958
2026-06-12 22:00:00,20.80259067357513,0,0,0,0,0,0,32.637305699481864
2026-06-12 23:00:00,20.827979274611398,0,0,0,0,0,0,33.082901554404145
2026-06-13 00:00:00,20.853367875647667,0,0,0,0,0,0,33.52849740932643
2026-06-13 01:00:00,20.878756476683936,0,0,0,0,0,0,33.9740932642487
2026-06-13 02:00:00,20.904145077720205,0,0,0,0,0,0,34.41968911917098
2026-06-13 03:00:00,20.929533678756478,0,0,0,0,0,0,34.865284974093264
2026-06-13 04:00:00,20.954922279792747,0,0,0,0,0,0,35.310880829015545
2026-06-13 05:00:00,20.980310880829016,0,0,0,0,0,0,35.75647668393783
2026-06-13 06:00:00,21.005699481865285,0,0,0,0,0,0,36.2020725388601
2026-06-13 07:00:00,21.031088082901555,0,0,0,0,0,0,36.64766839378238
2026-06-13 08:00:00,21.056476683937824,0,0,0,0,0,0,37.09326424870466
2026-06-13 09:00:00,21.081865284974093,0,0,0,0,0,0,37.538860103626945
2026-06-13 10:00:00,21.107253886010362,0,0,0,0,0,0,37.98445595854922
2026-06-13 11:00:00,21.13264248704663,0,0,0,0,0,0,38.4300518134715
2026-06-13 12:00:00,21.1580310880829,0,0,0,0,0,0,38.87564766839378
2026-06-13 13:00:00,21.18341968911917,0,0,0,0,0,0,39.32124352331606
2026-06-13 14:00:00,21.20880829015544,0,0,0,0,0,0,39.766839378238345
2026-06-13 15:00:00,21.234196891191708,0,0,0,0,0,0,40.21243523316062
2026-06-13 16:00:00,21.259585492227977,0,0,0,0,0,0,40.6580310880829
2026-06-13 17:00:00,21.284974093264246,0,0,0,0,0,0,41.10362694300518
2026-06-13 18:00:00,21.31036269430052,0,0,0,0,0,0,41.54922279792746
2026-06-13 19:00:00,21.335751295336788,0,0,0,0,0,0,41.99481865284974
2026-06-13 20:00:00,21.361139896373057,0,0,0,0,0,0,42.44041450777202
2026-06-13 21:00:00,21.386528497409326,0,0,0,0,0,0,42.8860103626943
2026-06-13 22:00:00,21.411917098445596,0,0,0,0,0,0,43.33160621761658
2026-06-13 23:00:00,21.437305699481865,0,0,0,0,0,0,43.77720207253886
2026-06-14 00:00:00,21.462694300518134,0,0,0,0,0,0,44.22279792746114
2026-06-14 01:00:00,21.488082901554403,0,0,0,0,0,0,44.66839378238342
2026-06-14 02:00:00,21.513471502590672,0,0,0,0,0,0,45.1139896373057
2026-06-14 03:00:00,21.53886010362694,0,0,0,0,0,0,45.55958549222798
2026-06-14 04:00:00,21.56424870466321,0,0,0,0,0,0,46.005181347150256
2026-06-14 05:00:00,21.58963730569948,0,0,0,0,0,0,46.45077720207254
2026-06-14 06:00:00,21.615025906735752,0,0,0,0,0,0,46.89637305699482
2026-06-14 07:00:00,21.64041450777202,0,0,0,0,0,0,47.3419689119171
2026-06-14 08:00:00,21.66580310880829,0,0,0,0,0,0,47.78756476683938
2026-06-14 09:00:00,21.69119170984456,0,0,0,0,0,0,48.233160621761655
2026-06-14 10:00:00,21.71658031088083,0,0,0,0,0,0,48.67875647668394
2026-06-14 11:00:00,21.7419689119171,0,0,0,0,0,0,49.12435233160622
2026-06-14 12:00:00,21.767357512953367,0,0,0,0,0,0,49.5699481865285
2026-06-14 13:00:00,21.792746113989637,0,0,0,0,0,0,50.015544041450774
2026-06-14 14:00:00,21.818134715025906,0,0,0,0,0,0,50.461139896373055
2026-06-14 15:00:00,21.843523316062175,0,0,0,0,0,0,50.90673575129534
2026-06-14 16:00:00,21.868911917098444,0,0,0,0,0,0,51.35233160621762
2026-06-14 17:00:00,21.894300518134713,0,0,0,0,0,0,51.7979274611399
2026-06-14 18:00:00,21.919689119170982,0,0,0,0,0,0,52.24352331606217
2026-06-14 19:00:00,21.94507772020725,0,0,0,0,0,0,52.689119170984455
2026-06-14 20:00:00,21.97046632124352,0,0,0,0,0,0,53.134715025906736
2026-06-14 21:00:00,21.99585492227979,0,0,0,0,0,0,53.58031088082902
2026-06-14 22:00:00,22.021243523316063,0,0,0,0,0,0,54.02590673575129
2026-06-14 23:00:00,22.04663212435233,0,0,0,0,0,0,54.47150259067357
2026-06-15 00:00:00,22.0720207253886,0,0,0,0,0,0,54.917098445595855
2026-06-15 01:00:00,22.09740932642487,0,0,0,0,0,0,55.362694300518136
2026-06-15 02:00:00,22.12279792746114,0,0,0,0,0,0,55.80829015544042
2026-06-15 03:00:00,22.14818652849741,0,0,0,0,0,0,56.25388601036269
2026-06-15 04:00:00,22.173575129533678,0,0,0,0,0,0,56.69948186528497
2026-06-15 05:00:00,22.198963730569947,0,0,0,0,0,0,57.145077720207254
2026-06-15 06:00:00,22.224352331606216,0,0,0,0,0,0,57.590673575129536
2026-06-15 07:00:00,22.249740932642485,0,0,0,0,0,0,58.03626943005181
2026-06-15 08:00:00,22.275129533678754,0,0,0,0,0,0,58.48186528497409
2026-06-15 09:00:00,22.300518134715023,0,0,0,0,0,0,58.92746113989637
2026-06-15 10:00:00,22.325906735751296,0,0,0,0,0,0,59.373056994818654
2026-06-15 11:00:00,22.351295336787565,0,0,0,0,0,0,59.81865284974093
2026-06-15 12:00:00,22.376683937823834,0,0,0,0,0,0,60.26424870466321
2026-06-15 13:00:00,22.402072538860104,0,0,0,0,0,0,60.70984455958549
2026-06-15 14:00:00,22.427461139896373,0,0,0,0,0,0,61.15544041450777
2026-06-15 15:00:00,22.452849740932642,0,0,0,0,0,0,61.601036269430054
2026-06-15 16:00:00,22.47823834196891,0,0,0,0,0,0,62.04663212435233
2026-06-15 17:00:00,22.50362694300518,0,0,0,0,0,0,62.49222797927461
2026-06-15 18:00:00,22.52901554404145,0,0,0,0,0,0,62.93782383419689
2026-06-15 19:00:00,22.55440414507772,0,0,0,0,0,0,63.38341968911917
2026-06-15 20:00:00,22.579792746113988,0,0,0,0,0,0,63.82901554404145
2026-06-15 21:00:00,22.605181347150257,0,0,0,0,0,0,64.27461139896373
2026-06-15 22:00:00,22.630569948186526,0,0,0,0,0,0,64.720207253886
2026-06-15 23:00:00,22.655958549222795,0,0,0,0,0,0,65.16580310880829
2026-06-16 00:00:00,22.681347150259064,0,0,0,0,0,0,65.61139896373057
2026-06-16 01:00:00,22.706735751295337,0,0,0,0,0,0,66.05699481865285
2026-06-16 02:00:00,22.732124352331606,0,0,0,0,0,0,66.50259067357513
2026-06-16 03:00:00,22.757512953367875,0,0,0,0,0,0,66.9481865284974
2026-06-16 04:00:00,22.782901554404145,0,0,0,0,0,0,67.39378238341969
2026-06-16 05:00:00,22.808290155440414,0,0,0,0,0,0,67.83937823834196
2026-06-16 06:00:00,22.833678756476683,0,0,0,0,0,0,68.28497409326425
2026-06-16 07:00:00,22.859067357512952,0,0,0,0,0,0,68.73056994818653
2026-06-16 08:00:00,22.88445595854922,0,0,0,0,0,0,69.1761658031088
2026-06-16 09:00:00,22.90984455958549,0,0,0,0,0,0,69.62176165803109
2026-06-16 10:00:00,22.93523316062176,0,0,0,0,0,0,70.06735751295336
2026-06-16 11:00:00,22.96062176165803,0,0,0,0,0,0,70.51295336787565
2026-06-16 12:00:00,22.986010362694298,0,0,0,0,0,0,70.95854922279793
2026-06-16 13:00:00,23.01139896373057,0,0,0,0,0,0,71.4041450777202
2026-06-16 14:00:00,23.03678756476684,0,0,0,0,0,0,71.84974093264249
2026-06-16 15:00:00,23.06217616580311,0,0,0,0,0,0,72.29533678756476
2026-06-16 16:00:00,23.087564766839378,0,0,0,0,0,0,72.74093264248705
2026-06-16 17:00:00,23.112953367875647,0,0,0,0,0,0,73.18652849740933
2026-06-16 18:00:00,23.138341968911917,0,0,0,0,0,0,73.6321243523316
2026-06-16 19:00:00,23.163730569948186,0,0,0,0,0,0,74.07772020725389
2026-06-16 20:00:00,23.189119170984455,0,0,0,0,0,0,74.52331606217616
2026-06-16 21:00:00,23.214507772020724,0,0,0,0,0,0,74.96891191709844
2026-06-16 22:00:00,23.239896373056993,0,0,0,0,0,0,75.41450777202073
2026-06-16 23:00:00,23.265284974093262,0,0,0,0,0,0,75.860103626943
2026-06-17 00:00:00,23.29067357512953,0,0,0,0,0,0,76.30569948186529
2026-06-17 01:00:00,23.3160621761658,0,0,0,0,0,0,76.75129533678756
2026-06-17 02:00:00,23.34145077720207,0,0,0,0,0,0,77.19689119170984
2026-06-17 03:00:00,23.36683937823834,0,0,0,0,0,0,77.64248704663213
2026-06-17 04:00:00,23.392227979274608,0,0,0,0,0,0,78.0880829015544
2026-06-17 05:00:00,23.417616580310877,0,0,0,0,0,0,78.53367875647669
2026-06-17 06:00:00,23.44300518134715,0,0,0,0,0,0,78.97927461139896
2026-06-17 07:00:00,23.46839378238342,0,0,0,0,0,0,79.42487046632124
2026-06-17 08:00:00,23.49378238341969,0,0,0,0,0,0,79.87046632124353
2026-06-17 09:00:00,23.519170984455958,0,0,0,0,0,0,80.3160621761658
2026-06-17 10:00:00,23.544559585492227,0,0,0,0,0,0,80.76165803108807
2026-06-17 11:00:00,23.569948186528496,0,0,0,0,0,0,81.20725388601036
2026-06-17 12:00:00,23.595336787564765,0,0,0,0,0,0,81.65284974093264
2026-06-17 13:00:00,23.620725388601034,0,0,0,0,0,0,82.09844559585493
2026-06-17 14:00:00,23.646113989637303,0,0,0,0,0,0,82.5440414507772
2026-06-17 15:00:00,23.671502590673573,0,0,0,0,0,0,82.98963730569947
2026-06-17 16:00:00,23.696891191709845,0,0,0,0,0,0,83.43523316062176
2026-06-17 17:00:00,23.722279792746114,0,0,0,0,0,0,83.88082901554404
2026-06-17 18:00:00,23.747668393782384,0,0,0,0,0,0,84.32642487046633
2026-06-17 19:00:00,23.773056994818653,0,0,0,0,0,0,84.7720207253886
2026-06-17 20:00:00,23.798445595854922,0,0,0,0,0,0,85.21761658031087
2026-06-17 21:00:00,23.82383419689119,0,0,0,0,0,0,85.66321243523316
2026-06-17 22:00:00,23.84922279792746,0,0,0,0,0,0,86.10880829015544
2026-06-17 23:00:00,23.87461139896373,0,0,0,0,0,0,86.55440414507773
2026-06-18 00:00:00,23.9,0,0,0,0,0,0,87
2026-06-18 01:00:00,23.3,0,0,0,0,0,0,98
2026-06-18 02:00:00,23.1,0,0,0,0,0,0,100
2026-06-18 03:00:00,22.6,0,0,0,0,0,0,100
2026-06-18 04:00:00,22.3,1,0,1,0,0,0,100
2026-06-18 05:00:00,22,55,6,49,46,55,0,100
2026-06-18 06:00:00,23,171,44,127,137.1,171,0,100
2026-06-18 07:00:00,24.6,346,162,184,319.7,346,2312.2,100
2026-06-18 08:00:00,27.2,454,167,287,247.7,454,3600,100
2026-06-18 09:00:00,29.6,552,207,345,255.00000000000003,552,3600,100
2026-06-18 10:00:00,31.2,648.9999999999999,257,392,282.3,648.9999999999999,3600,100
2026-06-18 11:00:00,32.5,583,180,403,186.9,583,3600,100
2026-06-18 12:00:00,33.2,579,184,395,190.4,579,3600,99
2026-06-18 13:00:00,33.6,655,270,385,293.5,655,3600,100
2026-06-18 14:00:00,33.1,452,177,275,214.1,452,3600,100
2026-06-18 15:00:00,32.5,373,178.99999999999997,194,258,373,3600,93
2026-06-18 16:00:00,32.8,216,84,132,158.6,216,3600,100
2026-06-18 17:00:00,31.6,171,46,125,133.1,171,2957.06,100
2026-06-18 18:00:00,31.2,40,6,34,38.9,40,2191.8,97
2026-06-18 19:00:00,29.1,2,0,2,0,2,0,100
2026-06-18 20:00:00,27.7,0,0,0,0,0,0,100
2026-06-18 21:00:00,27,0,0,0,0,0,0,100
2026-06-18 22:00:00,25.9,0,0,0,0,0,0,100
2026-06-18 23:00:00,25,0,0,0,0,0,0,100
2026-06-19 00:00:00,24,0,0,0,0,0,0,99
2026-06-19 01:00:00,23.1,0,0,0,0,0,0,99
2026-06-19 02:00:00,23,0,0,0,0,0,0,100
2026-06-19 03:00:00,22.7,0,0,0,0,0,0,100
2026-06-19 04:00:00,22.5,1,0,1,0,0,0,100
2026-06-19 05:00:00,22.3,26,0,26,0,26,0,100
2026-06-19 06:00:00,22.5,83,2,81,6.2,83,0,100
2026-06-19 07:00:00,23,185,11,174,21.7,185,0,100
2026-06-19 08:00:00,24,114,1,113,1.5,114,0,100
2026-06-19 09:00:00,24,221,10,211,12.3,221,0,100
2026-06-19 10:00:00,25,171,2,169,2.2,171,0,100
2026-06-19 11:00:00,25.1,275,19,255.99999999999997,19.7,275,0,100
2026-06-19 12:00:00,26.2,295.00000000000006,16,279,16.6,295.00000000000006,0,100
2026-06-19 13:00:00,27,430.99999999999994,52,379,56.5,430.99999999999994,0,100
2026-06-19 14:00:00,27.1,272,6,266,7.3,272,0,100
2026-06-19 15:00:00,27,278,26,252,37.4,278,0,100
2026-06-19 16:00:00,26.9,190,0,190,0,190,0,100
2026-06-19 17:00:00,26.3,167,37,130,106.8,167,0,96
2026-06-19 18:00:00,26.1,76,22,54.00000000000001,141.8,76,1402.77,25
2026-06-19 19:00:00,25.3,4,0,4,0,4,2452.59,1
2026-06-19 20:00:00,24.6,0,0,0,0,0,0,44
2026-06-19 21:00:00,23.4,0,0,0,0,0,0,34
2026-06-19 22:00:00,22.6,0,0,0,0,0,0,95
2026-06-19 23:00:00,21.9,0,0,0,0,0,0,100
2026-06-20 00:00:00,21.2,0,0,0,0,0,0,100
2026-06-20 01:00:00,21,0,0,0,0,0,0,100
2026-06-20 02:00:00,21.1,0,0,0,0,0,0,100
2026-06-20 03:00:00,20.9,0,0,0,0,0,0,38
2026-06-20 04:00:00,20.4,1,0,1,0,0,0,2
2026-06-20 05:00:00,20.5,63,22,41,169.5,63,0,2
2026-06-20 06:00:00,22.1,212,114,97.99999999999999,356.4,212,3337.98,0
2026-06-20 07:00:00,24.1,393,257,136,508.29999999999995,393,3600,1
2026-06-20 08:00:00,25.8,567,397,170,589.7999999999998,567,3600,1
2026-06-20 09:00:00,27.8,607,350,257,431.6,607,3600,81
2026-06-20 10:00:00,28.3,749,515,234,566.1,749,3600,15
2026-06-20 11:00:00,29.7,835,587,247.99999999999997,609.7,835,3600,21
2026-06-20 12:00:00,30.5,822,584,238,604.3,822,3600,20
2026-06-20 13:00:00,31,695,443,251.99999999999997,481.3,695,3600,34
2026-06-20 14:00:00,31,704,497.99999999999994,206,601.5,704,3600,19
2026-06-20 15:00:00,30,504,319,185,458.9,504,3600,32
2026-06-20 16:00:00,29,369,208,161,391.5,369,3600,41
2026-06-20 17:00:00,28.1,225,119,106,342.6,225,3600,5
2026-06-20 18:00:00,27,75,25,50.00000000000001,160.2,75,3600,6
2026-06-20 19:00:00,25.9,3,0,3,0,3,3006.89,5
2026-06-20 20:00:00,25.5,0,0,0,0,0,0,36
2026-06-20 21:00:00,24.5,0,0,0,0,0,0,52
2026-06-20 22:00:00,23.8,0,0,0,0,0,0,100
2026-06-20 23:00:00,23.2,0,0,0,0,0,0,96
2026-06-21 00:00:00,22.8,0,0,0,0,0,0,100
2026-06-21 01:00:00,22.4,0,0,0,0,0,0,99
2026-06-21 02:00:00,22.8,0,0,0,0,0,0,100
2026-06-21 03:00:00,21.9,0,0,0,0,0,0,97
2026-06-21 04:00:00,21.6,1,0,1,0,0,0,37
2026-06-21 05:00:00,21,67,26,41,200.9,67,0,22
2026-06-21 06:00:00,22,193,87,106,272.6,193,3600,88
2026-06-21 07:00:00,24,193,29,164,57.39999999999999,193,3600,100
2026-06-21 08:00:00,24.1,224,18,206,26.8,224,0,99
2026-06-21 09:00:00,25.6,194,6,188,7.4,194,0,100
2026-06-21 10:00:00,26,314,54,260,59.400000000000006,314,0,100
2026-06-21 11:00:00,27,430.00000000000006,68,362,70.6,430.00000000000006,0,100
2026-06-21 12:00:00,27.8,329,11,318,11.4,329,318.94,100
2026-06-21 13:00:00,28.1,304,19,285,20.6,304,0,100
2026-06-21 14:00:00,28.6,185,5,180,6,185,0,100
2026-06-21 15:00:00,27.2,227,27,200,38.8,227,0,100
2026-06-21 16:00:00,26.2,113,6,107,11.3,113,0,100
2026-06-21 17:00:00,25,56.00000000000001,0,56,0,56.00000000000001,0,100
2026-06-21 18:00:00,24.1,26,0,26,0,26,0,100
2026-06-21 19:00:00,23.5,2,0,2,0,2,0,100
2026-06-21 20:00:00,22.9,0,0,0,0,0,0,100
2026-06-21 21:00:00,22.2,0,0,0,0,0,0,100
2026-06-21 22:00:00,21.7,0,0,0,0,0,0,100
2026-06-21 23:00:00,21.5,0,0,0,0,0,0,100
2026-06-22 00:00:00,21.2,0,0,0,0,0,0,100
2026-06-22 01:00:00,21.1,0,0,0,0,0,0,100
2026-06-22 02:00:00,20.6,0,0,0,0,0,0,100
2026-06-22 03:00:00,20,0,0,0,0,0,0,100
2026-06-22 04:00:00,19.7,1,0,1,0,0,0,100
2026-06-22 05:00:00,19.5,44,3,41,23.2,44,0,100
2026-06-22 06:00:00,20.6,131,5,125.99999999999999,15.7,131,0,100
2026-06-22 07:00:00,21.8,327,116,211,230,327,0,100
2026-06-22 08:00:00,24.4,484,220,264,327.4,484,3600,100
2026-06-22 09:00:00,25.6,616.0000000000001,299,317,369.1,616.0000000000001,3600,98
2026-06-22 10:00:00,26.8,576,195,381,214.5,576,3600,100
2026-06-22 11:00:00,27.4,932,732,200,760.4,932,3600,24
2026-06-22 12:00:00,29.2,934.0000000000001,745,189,770.7,934.0000000000001,3600,2
2026-06-22 13:00:00,30,853,643,210,698.2,853,3600,84
2026-06-22 14:00:00,30.6,657,397,260,479.00000000000006,657,3600,91
2026-06-22 15:00:00,31,559,365,194,524.2,559,3600,95
2026-06-22 16:00:00,31,360,153,207.00000000000003,287.3,360,3600,98
2026-06-22 17:00:00,30,190,46,144,131.9,190,3600,99
2026-06-22 18:00:00,28.8,51,2,49,12.7,51,2156.04,99
2026-06-22 19:00:00,26.7,3,0,3,0,3,0,96
2026-06-22 20:00:00,25.9,0,0,0,0,0,0,91
2026-06-22 21:00:00,24.5,0,0,0,0,0,0,91
2026-06-22 22:00:00,23.2,0,0,0,0,0,0,63
2026-06-22 23:00:00,22.5,0,0,0,0,0,0,12
2026-06-23 00:00:00,21.8,0,0,0,0,0,0,76
2026-06-23 01:00:00,21.4,0,0,0,0,0,0,3
2026-06-23 02:00:00,21,0,0,0,0,0,0,23
2026-06-23 03:00:00,20.4,0,0,0,0,0,0,5
2026-06-23 04:00:00,19.9,1,0,1,0,0,0,45
2026-06-23 05:00:00,19.5,65,22,43,171,65,0,35
2026-06-23 06:00:00,20.7,226,131,95,412.3999999999999,226,3427.19,20
2026-06-23 07:00:00,22.8,410,276,134,548.1,410,3600,42
2026-06-23 08:00:00,24.9,597,446,151,664.3,597,3600,0
2026-06-23 09:00:00,26.5,757,589,168,727.5,757,3600,2
2026-06-23 10:00:00,28,875,698,177,768,875,3600,40
2026-06-23 11:00:00,29.2,937.0000000000001,754,183,783.3999999999999,937.0000000000001,3600,42
2026-06-23 12:00:00,30.4,927,712,214.99999999999997,736.5,927,3600,69
2026-06-23 13:00:00,31,839,588,251,638.3,839,3600,84
2026-06-23 14:00:00,31.3,682,416,266,501.7,682,3600,80
2026-06-23 15:00:00,31.7,559,373,186,535.3,559,3600,63
2026-06-23 16:00:00,31,346,176,170,330.1,346,3600,54
2026-06-23 17:00:00,29,174,41,133,117.3,174,3600,100
2026-06-23 18:00:00,28.5,73,19,54,120.2,73,1719.7,85
2026-06-23 19:00:00,27,3,0,3,0,3,1805.59,98
2026-06-23 20:00:00,26.2,0,0,0,0,0,0,97
2026-06-23 21:00:00,25,0,0,0,0,0,0,95
2026-06-23 22:00:00,23.9,0,0,0,0,0,0,98
2026-06-23 23:00:00,23,0,0,0,0,0,0,99
2026-06-24 00:00:00,22.4,0,0,0,0,0,0,100
2026-06-24 01:00:00,21.9,0,0,0,0,0,0,98
2026-06-24 02:00:00,22.1,0,0,0,0,0,0,100
2026-06-24 03:00:00,21.7,0,0,0,0,0,0,99
2026-06-24 04:00:00,21.2,1,0,1,0,0,0,100
2026-06-24 05:00:00,21,46,2,44,15.600000000000001,46,0,100
2026-06-24 06:00:00,21.6,107,5,102,15.799999999999999,107,0,100
2026-06-24 07:00:00,22.5,237,30,207,59.7,237,0,97
2026-06-24 08:00:00,24.6,561,377,184,562.1,561,0,26
2026-06-24 09:00:00,26.9,717,506.99999999999994,210.00000000000003,626.6,717,3600,41
2026-06-24 10:00:00,28.7,847,656,191,722.0000000000001,847,3600,20
2026-06-24 11:00:00,30.2,918.0000000000001,725,193,753.3999999999999,918.0000000000001,3600,4
2026-06-24 12:00:00,31.3,911,719,192,743.8,911,3600,5
2026-06-24 13:00:00,32.1,819,608,210.99999999999997,659.9,819,3600,12
2026-06-24 14:00:00,32.1,724,544,180,655.8,724,3600,20
2026-06-24 15:00:00,32.5,603,448,155,642.5,603,3600,23
2026-06-24 16:00:00,33,411,280,131,524.6,411,3600,41
2026-06-24 17:00:00,32.9,243,143,100,408.5,243,3600,33
2026-06-24 18:00:00,29.8,85,36,49.00000000000001,227,85,3600,9
2026-06-24 19:00:00,28.1,4,0,4,0,4,3600,41
2026-06-24 20:00:00,28,0,0,0,0,0,0,56
2026-06-24 21:00:00,26.4,0,0,0,0,0,0,20
2026-06-24 22:00:00,25.1,0,0,0,0,0,0,71
2026-06-24 23:00:00,24.2,0,0,0,0,0,0,84
2026-06-25 00:00:00,23.6,0,0,0,0,0,0,80
2026-06-25 01:00:00,23.4,0,0,0,0,0,0,59
2026-06-25 02:00:00,23.5,0,0,0,0,0,0,58
2026-06-25 03:00:00,23.2,0,0,0,0,0,0,88
2026-06-25 04:00:00,22.6,0,0,0,0,0,0,85
2026-06-25 05:00:00,22.6,53,12,41,93.9,53,0,77
2026-06-25 06:00:00,23.4,140,38,102,120.3,140,1091.84,95
2026-06-25 07:00:00,24.5,369,222,147,442.3,369,1808.94,63
2026-06-25 08:00:00,26.2,491.00000000000006,279,212,416.4,491.00000000000006,3600,54
2026-06-25 09:00:00,27.4,692,468.99999999999994,222.99999999999997,580.1,692,3600,38
2026-06-25 10:00:00,28.6,794,560,234.00000000000003,616.5999999999999,794,3600,20
2026-06-25 11:00:00,28.8,867,627,240.00000000000003,651.7,867,3600,34
2026-06-25 12:00:00,28.2,879,656,223,678.6,879,3600,20
2026-06-25 13:00:00,28.1,823,602,221,653.2,823,3600,23
2026-06-25 14:00:00,27.9,712,520,192,626.6,712,3600,10
2026-06-25 15:00:00,27.6,606,448,158,642.1,606,3600,11
2026-06-25 16:00:00,26.1,437,302,135,565.3,437,3600,8
2026-06-25 17:00:00,24.8,252.99999999999997,152,101,433.7,252.99999999999997,3600,5
2026-06-25 18:00:00,23.6,88,37,51,232.6,88,3600,6
2026-06-25 19:00:00,22.5,4,0,4,0,4,3600,1
2026-06-25 20:00:00,21.7,0,0,0,0,0,0,7
2026-06-25 21:00:00,20.8,0,0,0,0,0,0,2
2026-06-25 22:00:00,20.2,0,0,0,0,0,0,0
2026-06-25 23:00:00,19.7,0,0,0,0,0,0,28
2026-06-26 00:00:00,19.5,0,0,0,0,0,0,66
2026-06-26 01:00:00,19.2,0,0,0,0,0,0,60
2026-06-26 02:00:00,19.2,0,0,0,0,0,0,60
2026-06-26 03:00:00,19,0,0,0,0,0,0,2
2026-06-26 04:00:00,18.9,1,0,1,0,0,0,95
2026-06-26 05:00:00,18.9,59,14,45,109.9,59,0,95
2026-06-26 06:00:00,20.4,198,80,118,254,198,1600.35,98
2026-06-26 07:00:00,22.6,388,230,158,458.99999999999994,388,3600,99
2026-06-26 08:00:00,25.4,579,405,174,605.2,579,3600,65
2026-06-26 09:00:00,27,674,384,290,475.3,674,3600,100
2026-06-26 10:00:00,28.4,676,304,372,334.9,676,3600,99
2026-06-26 11:00:00,29.3,795,394.99999999999994,399.99999999999994,410.7,795,3600,100
2026-06-26 12:00:00,30.6,720,286,434,295.9,720,3600,100
2026-06-26 13:00:00,30.9,728.9999999999999,334,395,362.4,728.9999999999999,3600,100
2026-06-26 14:00:00,30.9,483,132,351,159,483,3600,100
2026-06-26 15:00:00,30.1,419,102,317,146.1,419,2970.69,100
2026-06-26 16:00:00,30.1,350,121.99999999999999,228,228.2,350,2583.59,100
2026-06-26 17:00:00,30,175,23,152,65.5,175,3600,100
2026-06-26 18:00:00,29.1,76,16,60,100.3,76,166.21,97
2026-06-26 19:00:00,27.5,4,0,4,0,4,1210.27,95
2026-06-26 20:00:00,25.8,0,0,0,0,0,0,88
2026-06-26 21:00:00,24.5,0,0,0,0,0,0,90
2026-06-26 22:00:00,23.9,0,0,0,0,0,0,40
2026-06-26 23:00:00,23.2,0,0,0,0,0,0,95
2026-06-27 00:00:00,22.4,0,0,0,0,0,0,98
2026-06-27 01:00:00,22.2,0,0,0,0,0,0,82
2026-06-27 02:00:00,22.2,0,0,0,0,0,0,88
2026-06-27 03:00:00,22,0,0,0,0,0,0,94
2026-06-27 04:00:00,22.3,1,0,1,0,0,0,100
2026-06-27 05:00:00,21.6,56,14,42,110.4,56,0,99
2026-06-27 06:00:00,22.6,201,92,109,293,201,1628.75,77
2026-06-27 07:00:00,25.3,335,150,185,299.9,335,3600,99
2026-06-27 08:00:00,28.1,550,352,198,526.6,550,3600,82
2026-06-27 09:00:00,30.7,725,526,199.00000000000003,651.4999999999999,725,3600,23
2026-06-27 10:00:00,32.1,759,524,235.00000000000003,577.5,759,3600,12
2026-06-27 11:00:00,32.8,836.0000000000001,608,228,632.3,836.0000000000001,3600,8
2026-06-27 12:00:00,33.5,764,515,249,532.8,764,3600,9
2026-06-27 13:00:00,33.9,601,272,328.99999999999994,295.1,601,3600,13
2026-06-27 14:00:00,33.5,545,306,239,368.6,545,3600,14
2026-06-27 15:00:00,34.5,549,375.99999999999994,173,538.4,549,3600,27
2026-06-27 16:00:00,34.2,413,277,136,517.8,413,3600,1
2026-06-27 17:00:00,33.4,248.99999999999997,154,95,438.4,248.99999999999997,3600,2
2026-06-27 18:00:00,32.6,90.00000000000001,41,49,256.7,90.00000000000001,3600,0
2026-06-27 19:00:00,30.6,4,1,3,19.7,4,3600,0
2026-06-27 20:00:00,29.5,0,0,0,0,0,0,1
2026-06-27 21:00:00,28.4,0,0,0,0,0,0,3
2026-06-27 22:00:00,26.9,0,0,0,0,0,0,0
2026-06-27 23:00:00,26.3,0,0,0,0,0,0,5
2026-06-28 00:00:00,25.9,0,0,0,0,0,0,1
2026-06-28 01:00:00,25.2,0,0,0,0,0,0,1
2026-06-28 02:00:00,24.7,0,0,0,0,0,0,0
2026-06-28 03:00:00,24.2,0,0,0,0,0,0,24
2026-06-28 04:00:00,23.8,1,0,1,0,0,0,10
2026-06-28 05:00:00,23.5,62,22,40,174.1,62,0,64
2026-06-28 06:00:00,24.5,202,95,107,303.6,202,3600,91
2026-06-28 07:00:00,26.3,381.99999999999994,232,150,464.69999999999993,381.99999999999994,3600,98
2026-06-28 08:00:00,28.8,516,281,235,420.9,516,3600,98
2026-06-28 09:00:00,31,601,277,324,343.4,601,3600,99
2026-06-28 10:00:00,32.7,674.0000000000001,313,360.99999999999994,345.09999999999997,674.0000000000001,3600,99
2026-06-28 11:00:00,34.2,825,549,276,571.1,825,3600,94
2026-06-28 12:00:00,35.5,912.0000000000001,721,191,746,912.0000000000001,3600,25
2026-06-28 13:00:00,36.8,798,535,263,580.4,798,3600,84
2026-06-28 14:00:00,37.1,572,291,281,350.4,572,3600,95
2026-06-28 15:00:00,36.4,403,165,238,236.2,403,3600,84
2026-06-28 16:00:00,34.4,226,74,152,138.3,226,3600,95
2026-06-28 17:00:00,30.4,192,83.99999999999999,108,239,192,2347.6,65
2026-06-28 18:00:00,31.7,77,23,54,143.8,77,3600,51
2026-06-28 19:00:00,30.2,4,0,4,0,4,2514.29,65
2026-06-28 20:00:00,28.2,0,0,0,0,0,0,98
2026-06-28 21:00:00,26.7,0,0,0,0,0,0,34
2026-06-28 22:00:00,25.3,0,0,0,0,0,0,99
2026-06-28 23:00:00,24.2,0,0,0,0,0,0,88
2026-06-29 00:00:00,23.5,0,0,0,0,0,0,81
2026-06-29 01:00:00,23.2,0,0,0,0,0,0,64
2026-06-29 02:00:00,23.3,0,0,0,0,0,0,100
2026-06-29 03:00:00,23.2,0,0,0,0,0,0,99
2026-06-29 04:00:00,22.7,0,0,0,0,0,0,100
2026-06-29 05:00:00,22.5,47,11,36,87.4,47,0,72
2026-06-29 06:00:00,23.2,184,76,108,243.69999999999996,184,943.01,82
2026-06-29 07:00:00,24.6,339,170,169,341.2,339,3600,61
2026-06-29 08:00:00,25.3,290,81,209,121.50000000000001,290,3600,94
2026-06-29 09:00:00,26.4,666,436,230,540.9,666,1844,59
2026-06-29 10:00:00,28.4,595,289,306,318.8,595,3600,93
2026-06-29 11:00:00,26.7,623,252,371,262.2,623,3600,91
2026-06-29 12:00:00,29.9,750.0000000000001,447.00000000000006,303,462.6,750.0000000000001,3600,71
2026-06-29 13:00:00,31.9,592,251,341,272.3,592,3600,92
2026-06-29 14:00:00,32.9,443,145,298,174.6,443,3600,89
2026-06-29 15:00:00,32.1,366,99,267,141.7,366,3437.49,95
2026-06-29 16:00:00,31.8,272,89,183,166.2,272,2450.3,89
2026-06-29 17:00:00,31,190,65,125,184.8,190,3186.48,76
2026-06-29 18:00:00,28.6,68,15,53,93.7,68,3600,87
2026-06-29 19:00:00,27.8,4,0,4,0,4,1011.9,90
2026-06-29 20:00:00,26.5,0,0,0,0,0,0,92
2026-06-29 21:00:00,25.6,0,0,0,0,0,0,92
2026-06-29 22:00:00,24.8,0,0,0,0,0,0,73
2026-06-29 23:00:00,24.1,0,0,0,0,0,0,81
2026-06-30 00:00:00,23.4,0,0,0,0,0,0,29
2026-06-30 01:00:00,22.7,0,0,0,0,0,0,67
2026-06-30 02:00:00,22.8,0,0,0,0,0,0,89
2026-06-30 03:00:00,22.7,0,0,0,0,0,0,96
2026-06-30 04:00:00,22.9,0,0,0,0,0,0,92
2026-06-30 05:00:00,23.1,36,8,28,63.9,36,0,66
2026-06-30 06:00:00,23,76,1,75,3.2000000000000006,76,214.29,99
2026-06-30 07:00:00,23.7,324,158,166,317.7,324,0,61
2026-06-30 08:00:00,26.6,354,82,272,123.1,354,3600,100
2026-06-30 09:00:00,27.3,180,13,167,16.1,180,1893.61,100
2026-06-30 10:00:00,25.6,170,13,157,14.4,170,0,99
2026-06-30 11:00:00,25.6,251,18,233,18.7,251,0,100
2026-06-30 12:00:00,25.4,226,6,220,6.2,226,0,100
2026-06-30 13:00:00,25.5,270,23,247,25,270,0,100
2026-06-30 14:00:00,24.3,85,0,85,0,85,0,100
2026-06-30 15:00:00,24.1,249.00000000000003,39,210,55.800000000000004,249.00000000000003,0,100
2026-06-30 16:00:00,25.1,191,6,185,11.2,191,0,100
2026-06-30 17:00:00,25.4,173,43,130,122.2,173,0,89
2026-06-30 18:00:00,25.2,55,2,53,12.5,55,1867.08,95
2026-06-30 19:00:00,24.3,4,0,4,0,4,0,98
2026-06-30 20:00:00,24.4,0,0,0,0,0,0,95
2026-06-30 21:00:00,23.6,0,0,0,0,0,0,81
2026-06-30 22:00:00,23.2,0,0,0,0,0,0,70